word,similarity,rank,isHint
mussel,1,0,false
mollusc,0.8088727961627,1,true
mytilus,0.79510979623257,2,false
cockle,0.790307067091538,3,true
shellfish,0.784450264574667,4,true
bivalve,0.781195508312913,5,true
clam,0.772844626137947,6,true
mollusk,0.770663899023753,7,true
oyster,0.768623902283687,8,true
scallop,0.768018199919582,9,true
mytilid,0.767595364594748,10,false
pelecypod,0.759934456340606,11,true
lampshell,0.757315664611401,12,true
limpet,0.750033676632333,13,true
snail,0.748632952489434,14,true
unionidae,0.740487394449095,15,false
littleneck,0.739530532304112,16,true
muskellunge,0.738202766287174,17,true
dreissena,0.736765801906591,18,false
mytilidae,0.73490999549091,19,false
whelk,0.732582585061646,20,true
mustard,0.731854752787676,21,true
bivalvia,0.730602784788776,22,false
escargot,0.729965963949562,23,true
prawn,0.727847066861041,24,true
huitre,0.726208925247197,25,false
barnacle,0.725189712666239,26,true
escallop,0.724979525057631,27,true
abalone,0.722124939154828,28,true
crassostrea,0.721631374553606,29,false
geoduck,0.720067126754948,30,true
lobster,0.719860842252851,31,true
shipworm,0.717976200279028,32,true
crab,0.717248265497232,33,true
mullus,0.716647557413001,34,false
ostrea,0.71636892253797,35,false
musky,0.714988231658941,36,true
muss,0.714594449352556,37,true
seashell,0.714463838541003,38,true
nacre,0.713571982766879,39,true
musket,0.713076659395099,40,true
mollusca,0.711451666864665,41,true
musca,0.710277547902481,42,true
conchologist,0.710224228487966,43,true
malacologist,0.709763211593821,44,true
eggplant,0.709154069423681,45,true
quahog,0.708735423759506,46,true
musk,0.708312276748921,47,true
gunnel,0.7073021567436,48,true
cuttlefish,0.707140095318574,49,true
eel,0.707137865253561,50,true
aubergine,0.706665817499085,51,true
ostracod,0.705977958797096,52,true
seaweed,0.705165133649876,53,true
conch,0.704890054755811,54,true
shuck,0.704861128909722,55,true
seasnail,0.704637843094012,56,false
kelp,0.70350481846901,57,true
cuttle,0.703485278022201,58,true
sheller,0.703329521219174,59,true
testacean,0.703014478536618,60,true
lentil,0.702692616627845,61,true
pelecypodous,0.702162307629724,62,false
collard,0.701643151142786,63,true
crustacean,0.701431700971293,64,true
muscadet,0.701366949407332,65,true
muslin,0.701234105339716,66,true
mustelus,0.701049882110972,67,false
moonshell,0.701012891591365,68,false
crayfish,0.700532200980086,69,true
coquille,0.700475180205724,70,true
pearl,0.70021870438847,71,true
muscat,0.700142645852881,72,true
shrimp,0.699169343561414,73,true
muscadel,0.698486789835511,74,true
muskat,0.698458391519892,75,false
coral,0.698136448860173,76,true
bagel,0.697724285518314,77,true
mugil,0.69742043629764,78,false
clamshell,0.697279471321149,79,true
octopus,0.697055959350581,80,true
ostreidae,0.695804119110112,81,false
tunicate,0.69575278137641,82,true
brachiopod,0.695717834915857,83,true
muskmelon,0.6956711230082,84,true
muscatel,0.69510750145361,85,true
lamellibranch,0.694957497265115,86,true
nautilus,0.694855892045008,87,true
barbel,0.694776338027499,88,true
krill,0.693876807786849,89,true
mussy,0.693641405918683,90,true
marble,0.693252485588342,91,true
langoustine,0.69321775911172,92,true
urchin,0.692535996437078,93,true
brassica,0.692293125850383,94,true
cunner,0.692017241122908,95,true
piddock,0.691836916427245,96,true
crawfish,0.691670197744965,97,true
cardium,0.691579683360411,98,false
monkfish,0.691196423244264,99,true
quail,0.691139023967924,100,true
ammonite,0.690848317995177,101,true
melon,0.690546233025429,102,true
legume,0.69050582107868,103,true
crinoid,0.690484106540685,104,true
crustaceous,0.690088849669032,105,true
muscari,0.689950392234424,106,false
bryozoan,0.689840958080525,107,true
broccoli,0.689834278216022,108,true
damsel,0.689597409343566,109,true
pickerel,0.689151052680801,110,true
crawdad,0.689126277681709,111,true
cockleshell,0.688976962031318,112,true
lugworm,0.688958566722786,113,true
muscadine,0.688791973708864,114,true
eelgrass,0.688518047332769,115,true
mushroom,0.688342057268865,116,true
muskrat,0.688214641107003,117,true
concha,0.687882263190622,118,true
squid,0.687838695983731,119,true
mackerel,0.687538109724296,120,true
burbot,0.687195222806647,121,true
byssus,0.686985652863125,122,true
dulse,0.686909954959749,123,true
musculus,0.686905942786448,124,false
beet,0.686871647834783,125,true
sardine,0.686717254924365,126,true
gastropod,0.686695974272251,127,true
weasel,0.686465842495239,128,true
spirula,0.685968680079085,129,true
fish,0.685837704787402,130,true
porpoise,0.68568317208786,131,true
teredinid,0.685566069385356,132,false
langouste,0.685456395149236,133,true
alga,0.685436568908282,134,true
pinctada,0.68539448467527,135,false
isopod,0.685115475349707,136,true
muon,0.685057323280415,137,true
cauliflower,0.684682090003377,138,true
conchfish,0.684403582669163,139,false
polyzoan,0.684244494691164,140,true
seafood,0.684103413606509,141,true
gull,0.683865151866097,142,true
astacus,0.683529580691343,143,false
yogurt,0.68332592745578,144,true
biscuit,0.683302998542791,145,true
mycelium,0.683105172196493,146,true
haddock,0.682978711483325,147,true
tuna,0.682951886477965,148,true
musa,0.682882986412404,149,false
mysidacea,0.682804229760928,150,false
cusk,0.682774982783196,151,true
fiddleneck,0.682745302541655,152,true
samphire,0.682349245688275,153,true
nautical,0.682310903761071,154,true
gastropoda,0.682079972214697,155,false
cherrystone,0.681937301736277,156,true
mudskipper,0.681746125221257,157,true
teasel,0.681590158844592,158,true
scaphopod,0.681240696833103,159,true
squill,0.68116295596891,160,true
shrimper,0.681038358087755,161,true
molluga,0.680995783924554,162,false
pearlfish,0.680956959724431,163,false
mercenaria,0.680886507034307,164,false
catfish,0.680876016616826,165,true
grape,0.680674474279552,166,true
shell,0.680431086991375,167,true
cephalopod,0.680403966879619,168,true
nudibranch,0.680323500613969,169,true
beluga,0.679882764816289,170,true
flatfish,0.679650583308885,171,true
annelid,0.679486434429077,172,true
lamellibranchia,0.679340186001097,173,false
clambake,0.679132540277698,174,true
ascidian,0.67899674507889,175,true
veal,0.678881805968554,176,true
conchology,0.678725819511762,177,true
homarus,0.678687195699645,178,false
trematode,0.678573453001228,179,true
haliotis,0.678570986858397,180,true
milfoil,0.678561848187722,181,true
pearlwort,0.678521413891242,182,true
mammal,0.678474607194891,183,true
lumpfish,0.678439103039319,184,true
otter,0.677939735221214,185,true
dayflower,0.677885213150376,186,true
culvert,0.677821955421204,187,true
mucin,0.67758826479842,188,true
amphipod,0.677544993768934,189,true
moonfish,0.677370869329842,190,true
hairtail,0.677338163694035,191,true
musgu,0.677218518868975,192,false
cephalopodan,0.677114744358387,193,true
lumpsucker,0.677114189605194,194,true
snapper,0.676963549399905,195,true
swimmer,0.676941495678052,196,true
herring,0.676891486459464,197,true
basil,0.676760773465681,198,true
malacology,0.676585935528866,199,true
fungus,0.676498768955719,200,true
limestone,0.676382780943762,201,true
muskwood,0.676376064039714,202,false
courgette,0.676359436078004,203,true
okra,0.676329214791713,204,true
muttonfish,0.676229775806944,205,true
abelmosk,0.676221649421553,206,true
muscle,0.67600605940855,207,true
rodent,0.675947149041476,208,true
aquaculture,0.675854306795345,209,true
cowry,0.675830604284515,210,true
lancelet,0.675768175629614,211,true
peasecod,0.675712825485378,212,true
invertebrate,0.675696194979209,213,true
fungal,0.675251086041277,214,true
mus,0.675141376290654,215,true
pilchard,0.675137620439771,216,true
ammonoid,0.675133031638396,217,true
anchovy,0.675002913177188,218,true
eellike,0.674995920806275,219,true
almond,0.674951553344731,220,true
surmullet,0.67494976594595,221,true
musset,0.674846808603217,222,false
balanus,0.674795110535924,223,false
trilobite,0.674603681242687,224,true
cardiidae,0.674456120930218,225,false
pretzel,0.674387775179092,226,true
seabed,0.674309115070649,227,true
oystercatcher,0.674240054054271,228,true
mullet,0.674182535561778,229,true
fennel,0.674131631851201,230,true
veneridae,0.674078701601291,231,false
camel,0.67406622745186,232,true
morula,0.67404922003581,233,true
musial,0.673785528395835,234,false
tassel,0.673615972615242,235,true
mysis,0.673583428477254,236,false
pearly,0.673352621602562,237,true
seawater,0.673336187203404,238,true
milk,0.673285385761903,239,true
diver,0.673251190990087,240,true
bushel,0.67317668752115,241,true
musteline,0.673079331333688,242,true
toadstool,0.673032086049331,243,true
halfbeak,0.673023701850839,244,true
strombus,0.673002620160434,245,true
mule,0.672807456160926,246,true
ousel,0.672764540809014,247,true
fowl,0.672603250611411,248,true
chickpea,0.672517578155851,249,true
mousse,0.672464550059845,250,true
plantain,0.672450741821616,251,true
orchil,0.672417602149347,252,true
fucus,0.672268272447874,253,true
mustelid,0.672196031605489,254,true
belemnite,0.67214568521329,255,true
cyclist,0.67213576934297,256,true
pochard,0.672103504663916,257,true
mink,0.67192081641679,258,true
flounder,0.67184984683991,259,true
gerbil,0.671824415217386,260,true
sponge,0.671686072845108,261,true
spoonbill,0.671618005230189,262,true
woodlouse,0.671486915019796,263,true
clupeid,0.671387990034353,264,true
plaice,0.671321709673314,265,true
artichoke,0.671266158147694,266,true
lubber,0.671255429312274,267,true
moll,0.671153664588933,268,true
chard,0.671103597480703,269,true
sheatfish,0.670993149667366,270,true
mush,0.67091834545136,271,true
shallot,0.670799672973127,272,true
moccasin,0.670744916289439,273,true
hamster,0.670694231987004,274,true
calamari,0.670670668522757,275,true
shellflower,0.670542836189275,276,false
trawler,0.670437971975684,277,true
larvacean,0.670156002044683,278,false
cutlassfish,0.670092444135613,279,false
goose,0.669972698386416,280,true
seagull,0.669900537115433,281,true
rockfish,0.66979481841814,282,true
estuary,0.669706980568588,283,true
wildebeest,0.669611990715146,284,true
cocklebur,0.669539272785192,285,true
olive,0.669524828763297,286,true
aspergill,0.669456323320427,287,true
steamer,0.669280430226418,288,true
ancylidae,0.669230461579049,289,false
musette,0.669180671523851,290,true
succulent,0.669075032577673,291,true
turnip,0.669064244134718,292,true
winkle,0.669051150836222,293,true
fossil,0.669016838493975,294,true
oysterfish,0.668794334125013,295,false
chiocciole,0.668785393427497,296,false
solenidae,0.668770591543353,297,false
garfish,0.668770293520112,298,true
snailflower,0.668756246566777,299,false
pasta,0.668718695273662,300,true
noodle,0.668709437174169,301,true
excavator,0.668645659846604,302,true
quark,0.66844624312751,303,true
turbot,0.668237209039263,304,true
seagrass,0.668234805499734,305,false
crabmeat,0.668220182167292,306,true
orchid,0.668207963215841,307,true
duck,0.66818479678814,308,true
beetroot,0.668182353269003,309,true
mustache,0.667909642431044,310,true
chanterelle,0.667786061863845,311,true
cabbage,0.667696158152591,312,true
sausage,0.667636215773483,313,true
mucose,0.667543709278111,314,true
pheasant,0.667497436255065,315,true
snailfish,0.667292833216309,316,true
insect,0.667238156034838,317,true
cutlet,0.667153596878057,318,true
runnel,0.66706915694064,319,true
minnow,0.66706252098084,320,true
gurnard,0.666894555112233,321,true
millipede,0.666882256641138,322,true
offish,0.666817744590967,323,true
rapeseed,0.666731953632586,324,true
modiolus,0.666731238370947,325,true
paddlefish,0.666697144508367,326,true
whitefish,0.666652162868042,327,true
salmon,0.66659092901783,328,true
calcite,0.666452248865634,329,true
mouse,0.666238029746774,330,true
merganser,0.666214962827278,331,true
possum,0.666197220456436,332,true
curd,0.665894031386501,333,true
copepod,0.665771166270062,334,true
lobsterman,0.665748854368789,335,true
gasteropoda,0.665744423701363,336,false
cambarus,0.6657270390662,337,false
brinjal,0.665664692510752,338,true
dugong,0.665587862204058,339,true
dredger,0.665576219753732,340,true
muff,0.665558536913493,341,true
tendon,0.665490964873279,342,true
glasswort,0.665441811084752,343,true
filefish,0.665368239007488,344,true
morsel,0.665310660674734,345,true
rudd,0.665246883816553,346,true
nopal,0.665241122500725,347,true
turtle,0.665194432116237,348,true
mermaid,0.665061254961159,349,true
muscular,0.665048797732448,350,true
fishworm,0.665022452770336,351,true
codfish,0.664975563584303,352,true
limulus,0.664961734696188,353,true
amphibian,0.664887130101365,354,true
croaker,0.6648851832816,355,true
mysidae,0.664833942776016,356,false
decapod,0.664769172668462,357,true
nutria,0.664751370862055,358,true
porgy,0.664703091102665,359,true
groundsel,0.66467805679775,360,true
fucoid,0.664661327878317,361,true
thistle,0.664598067354926,362,true
banana,0.664469202097559,363,true
gooseberry,0.664407113649162,364,true
vine,0.664343634895032,365,true
damselfish,0.66432853511912,366,true
testicle,0.664246499538426,367,true
scaup,0.664172490140497,368,true
wrasse,0.664085725558658,369,true
ecrevisse,0.664043585303045,370,false
ulva,0.664040923118596,371,true
ribbonfish,0.664036293510949,372,true
whale,0.663996597290253,373,true
wetland,0.663945416203949,374,true
fossilist,0.66392010425807,375,false
intertidal,0.663918773169446,376,true
amphipoda,0.663842637996988,377,false
weevil,0.663839597906985,378,true
crabbed,0.663802086538643,379,true
cockerel,0.663793901174352,380,true
capelin,0.663725971649762,381,true
blenny,0.663691659945757,382,true
campanula,0.663668850342958,383,true
bugloss,0.663642764091496,384,true
rudderfish,0.66353531697183,385,false
trawl,0.663535296916966,386,true
mangrove,0.663526613851976,387,true
leek,0.663441001792134,388,true
chowder,0.663389821456649,389,true
tussur,0.663311401203017,390,true
damson,0.663265962381958,391,true
keel,0.663033146894935,392,true
nautilidae,0.662933389123285,393,false
carpel,0.662912705639058,394,true
yoghurt,0.662880857334239,395,true
sculpin,0.6628138215098,396,true
striper,0.662778735160832,397,true
radish,0.662697175192164,398,true
conger,0.662605325865129,399,true
mast,0.662601748859988,400,true
chough,0.662560740494839,401,true
buccinidae,0.662435252956778,402,false
sailboat,0.662420669179127,403,true
camembert,0.662360787391667,404,false
monk,0.662341693779332,405,true
cowrie,0.662255246908098,406,true
hawkmoth,0.662187594827303,407,true
butternut,0.662181535688272,408,true
shellbark,0.662169058179363,409,true
cackel,0.662162561271728,410,false
moose,0.662159541571072,411,true
schist,0.662153601646428,412,true
diatom,0.662059345736352,413,true
whitebait,0.662023127079015,414,true
fluke,0.662013411521916,415,true
beetle,0.662006158651209,416,true
gallinule,0.662006099463236,417,true
wampum,0.661995649337773,418,true
gourd,0.66199398040772,419,true
ormer,0.661961376246337,420,true
egg,0.661917069839995,421,true
fjord,0.661824901321519,422,true
whisker,0.661796748202749,423,true
cakile,0.661757886409764,424,false
canola,0.66173525592509,425,true
abelmoschus,0.661570747997131,426,false
muenster,0.66156736888108,427,true
muster,0.661529023829582,428,true
silt,0.661495486587018,429,true
potato,0.661469399464375,430,true
mossy,0.661448179275807,431,true
celery,0.661381939731953,432,true
miso,0.661329367477748,433,true
submarine,0.661194861913675,434,true
starfish,0.661185661625009,435,true
chinchilla,0.661129493352966,436,true
mozzarella,0.661114811897282,437,true
tonsil,0.661043465137486,438,true
musketeer,0.661022642407215,439,true
muck,0.661008158982288,440,true
halibut,0.660939455032353,441,true
elk,0.660914161937559,442,true
enchilada,0.660913467407231,443,true
calculous,0.660895844644566,444,true
basalt,0.660894948510821,445,true
loligo,0.660893520063559,446,true
polychaete,0.660846372792351,447,true
alewife,0.660751183122538,448,true
seafowl,0.660740176483404,449,true
fishery,0.660736123367318,450,true
antler,0.660709937768593,451,true
frogfish,0.660687803153004,452,true
aquarium,0.660668691356867,453,true
soup,0.660562475886208,454,true
seabird,0.660559613225382,455,true
ancylus,0.660517573356633,456,false
clupea,0.660480140533474,457,false
pond,0.660447081300801,458,true
moss,0.660381594919063,459,true
seahorse,0.660327513256969,460,true
litmus,0.660294214504614,461,true
undersea,0.660273312950729,462,true
leech,0.660251894057253,463,true
carp,0.660226981612823,464,true
aquacultural,0.660162428045635,465,true
mallard,0.660141149767707,466,true
clanker,0.660120446696335,467,false
millet,0.660101572281217,468,true
vegetal,0.660072883363205,469,true
grouper,0.660060445073871,470,true
threadfin,0.660024641756651,471,true
rooster,0.660012582541263,472,true
muscovite,0.659983316658934,473,true
gadoid,0.6599735808341,474,true
ouzel,0.659922798876606,475,true
sipunculid,0.659850953790717,476,true
cyamus,0.659835694998926,477,false
fishmonger,0.659829854965215,478,true
eggshell,0.659811695825367,479,true
woodchuck,0.659715075458893,480,true
hazelnut,0.659711836524935,481,true
watercress,0.659698445761018,482,true
meuse,0.6596889115122,483,true
marsupial,0.659641444054971,484,true
cachalot,0.659633416456997,485,true
alyssum,0.659604786563777,486,true
sprout,0.659591397071408,487,true
meatball,0.659580825492292,488,true
muscidae,0.659569897549133,489,false
daffodil,0.65954955334062,490,true
puffin,0.659540990563691,491,true
morel,0.65949984434249,492,true
cucurbit,0.659400681221527,493,true
bee,0.659397481572179,494,true
lugger,0.659392435478262,495,true
asparagus,0.659324247756511,496,true
moussaka,0.659300504139208,497,true
grassland,0.65924680166663,498,true
gadus,0.659220099449162,499,false
psyllid,0.659182051371459,500,true
cattail,0.659152964303075,501,true
viol,0.659059920086846,502,true
rutabaga,0.659046012560194,503,true
fantail,0.658859690495758,504,true
bister,0.658820709060399,505,true
cetacean,0.658818164993416,506,true
nugget,0.658740579373293,507,true
nematode,0.658739823436107,508,true
bolete,0.658733228369549,509,true
dredge,0.658713678044897,510,true
shorebird,0.658700565022265,511,true
canal,0.658678570907032,512,true
rabbitfish,0.658673344613317,513,true
teredo,0.658656934419689,514,true
cockleburr,0.658645272254949,515,false
carrot,0.658642949108579,516,true
binnacle,0.65864254863554,517,true
bloater,0.658605952096695,518,true
pisum,0.658605417096302,519,false
dibranch,0.658562997493924,520,false
salp,0.658532301100035,521,true
muscadelle,0.658512532711034,522,true
amoebic,0.65845858903979,523,true
wigeon,0.658458251035447,524,true
falafel,0.658383467552583,525,true
gulper,0.658177295814593,526,true
beef,0.658128956444799,527,true
coucal,0.658101616758398,528,true
myriapod,0.65805550236668,529,true
damselfly,0.658048072937017,530,true
conker,0.657979050754253,531,true
earthworm,0.657978514312418,532,true
kipper,0.657955607297693,533,true
goosefish,0.657954136011252,534,true
bone,0.657924352513139,535,true
moselle,0.657898187637334,536,true
cordgrass,0.657891908758398,537,true
schistosoma,0.65784901301703,538,false
tautog,0.657752534285047,539,true
muse,0.657737271505157,540,true
crocodile,0.65773067818467,541,true
manatee,0.657710291793421,542,true
tench,0.657656988045167,543,true
megalocardia,0.657590906907231,544,true
cartilage,0.657550096511845,545,true
mayfly,0.657547214261773,546,true
butterfish,0.657545186888029,547,true
diesel,0.657544730462683,548,true
parrot,0.657542645115493,549,true
cowpea,0.657513260022992,550,true
watermeal,0.657488206475271,551,false
shelduck,0.657471715581869,552,true
holothurian,0.657466450778632,553,true
wasp,0.657441059198444,554,true
limburger,0.657421609316979,555,false
sturgeon,0.657332777976994,556,true
trout,0.657256780372284,557,true
groundnut,0.657241800016433,558,true
shrimpfish,0.657115159710973,559,false
rabbit,0.657051741217233,560,true
amoeba,0.657043494473341,561,true
horsefish,0.657024659401102,562,false
muser,0.65698015863061,563,true
lobsterwoman,0.656968832015996,564,false
pea,0.656946223146192,565,true
fiord,0.656942147844094,566,true
kummel,0.656929135322575,567,true
spinel,0.656884212122466,568,true
muskhogean,0.656874576620734,569,false
iguana,0.656857967376714,570,true
feldspar,0.65683931024426,571,true
waterfowl,0.656827845696784,572,true
stingray,0.656812269307645,573,true
mushy,0.656805493070009,574,true
mugger,0.656789820576946,575,true
pearlweed,0.656747896283614,576,false
estuarine,0.656735340162239,577,true
ectoproct,0.656691254969044,578,true
lingcod,0.656601866686243,579,true
myrtle,0.656601764345594,580,true
rotifer,0.656565865482945,581,true
crabby,0.65651118755341,582,true
angelfish,0.656504191518834,583,true
maggot,0.656454839774198,584,true
sard,0.656389353821759,585,true
yolk,0.656343200257898,586,true
harvestfish,0.656282762067484,587,false
eyeball,0.656201798463082,588,true
avocado,0.656200567257439,589,true
chervil,0.65619520283909,590,true
walnut,0.656179109584041,591,true
pebble,0.656101105708083,592,true
unshelled,0.656097450270869,593,true
oarsman,0.65607474373882,594,true
burl,0.656046826368192,595,true
phospholipid,0.656033396720891,596,true
musgoi,0.65597621440533,597,false
parsley,0.655797759044038,598,true
polyplacophora,0.655726077128783,599,false
echinoderm,0.655687052689439,600,true
urodele,0.655684828758244,601,true
univalve,0.65564620494843,602,true
cichlid,0.655581871007794,603,true
esox,0.655505457848637,604,false
dolphin,0.655497392684387,605,true
vegetable,0.655479905989154,606,true
lime,0.655454197851075,607,true
moth,0.655443608760838,608,true
gonad,0.655437568154191,609,true
collembolan,0.655394472985636,610,true
mustang,0.655372539482865,611,true
perch,0.655364530907625,612,true
squab,0.6553625649646,613,true
gorgonian,0.655342636467691,614,true
knawel,0.655335305095073,615,true
intestine,0.655330616871192,616,true
lenticel,0.655230006263862,617,true
mouflon,0.655182758282589,618,true
branchiopod,0.655143398659634,619,true
sesame,0.655096826868683,620,true
ostrich,0.655033944997246,621,true
zucchini,0.655005771518442,622,true
cymbal,0.654988726676193,623,true
nodule,0.65497356653214,624,true
scull,0.654968976974492,625,true
scuba,0.654886761598991,626,true
cirripede,0.654799697661347,627,true
alpaca,0.654668368022057,628,true
bluegill,0.654660341976943,629,true
thalassic,0.654640890274265,630,true
holibut,0.654630200454663,631,true
pigeon,0.654626846313481,632,true
brisling,0.654626783479491,633,true
harbour,0.654620307157702,634,true
umbellifer,0.654612559629984,635,true
grapnel,0.654550909996037,636,true
peafowl,0.654541728712631,637,true
opossum,0.654532311177072,638,true
pollock,0.654521146686147,639,true
urochord,0.654444336891179,640,true
threadfish,0.654417356585432,641,false
fishplate,0.654403983450292,642,true
oxalate,0.654398837947777,643,true
garbanzo,0.654375133700694,644,true
mango,0.654368854610652,645,true
currant,0.654274919883903,646,true
groundfish,0.654257890234031,647,true
sandpiper,0.654253459990854,648,true
tamarisk,0.654235420388358,649,true
guava,0.654225107670611,650,true
chiton,0.654219469176573,651,true
horseradish,0.654213167241379,652,true
scunner,0.654205042625075,653,true
gruel,0.654168245941684,654,true
pistil,0.65416679593426,655,true
fisherman,0.654157200703455,656,true
burdock,0.654114046938066,657,true
vowel,0.654062649365516,658,true
coal,0.654057698798298,659,true
wavelet,0.654022732616827,660,true
lung,0.654015439096336,661,true
chub,0.65398939299457,662,true
seashore,0.653920806389052,663,true
plesiosaur,0.653895974159245,664,true
vertebrate,0.653878051504857,665,true
zostera,0.653876005459667,666,false
adductor,0.653706747735351,667,true
tonguefish,0.653698740070834,668,false
swallow,0.653681791706517,669,true
reptile,0.653660911758055,670,true
fishpaste,0.653629142478602,671,false
pondweed,0.653585472916692,672,true
suckerfish,0.653575977469933,673,true
silicate,0.653553623384669,674,true
rowboat,0.653537312360843,675,true
swale,0.653494495570003,676,true
malt,0.65347149053387,677,true
lizard,0.653464436531072,678,true
merluccius,0.653437474574893,679,false
psylla,0.653393008320482,680,true
darter,0.653363406658177,681,true
caper,0.653345861039439,682,true
branchiopodan,0.653337955474858,683,false
munggo,0.653307535247138,684,false
corbina,0.653285221244471,685,true
rhubarb,0.653271457357926,686,true
schistosome,0.653268218040471,687,true
yellowtail,0.653265473830488,688,true
neritina,0.653250694274907,689,false
anise,0.653201876866986,690,true
prickleback,0.653173761731876,691,false
nostoc,0.653100570851541,692,true
moufflon,0.653047719779476,693,true
stonewort,0.652960793066272,694,true
nitrite,0.652943708441214,695,true
woodcock,0.652934371197317,696,true
rat,0.652932741184941,697,true
purslane,0.652929803554438,698,true
liverwort,0.652877014532464,699,true
isopoda,0.652863023197001,700,false
pupal,0.652855733207211,701,true
bryophyte,0.652843690596511,702,true
scoter,0.652816971968603,703,true
kelpwort,0.652799826526681,704,false
crucifer,0.652795112799438,705,true
saltwort,0.652785778045659,706,true
spinach,0.652778007504047,707,true
mullion,0.652772961804834,708,true
weakfish,0.652770957185579,709,true
pear,0.652756150806117,710,true
cochlea,0.652694818859367,711,true
nummulite,0.652689376633727,712,true
teredinidae,0.652675665062829,713,false
lemmus,0.652666687965398,714,false
orchis,0.652630391246635,715,true
pumpernickel,0.652627207730295,716,true
shale,0.652625936582796,717,true
porphyrula,0.652536985731779,718,false
cantaloupe,0.652536133082876,719,true
oarfish,0.652477463932199,720,true
molva,0.652452906820015,721,false
amphioxus,0.652446109348072,722,true
cardoon,0.652386842881457,723,true
mucor,0.652380066116469,724,true
boxfish,0.652372418556132,725,true
dowitcher,0.652370411440183,726,true
anglerfish,0.652364628510251,727,true
apricot,0.652312495158985,728,true
aster,0.652264037863258,729,true
cyprinid,0.652172586192345,730,true
buckler,0.652129942940472,731,true
pistol,0.652128973730146,732,true
frill,0.652089177258836,733,true
musaceae,0.652082761998022,734,false
stonefly,0.652039663919143,735,true
buttermilk,0.652013892655591,736,true
emmer,0.652003206611158,737,true
scrubber,0.651996179820302,738,true
dock,0.651938215475753,739,true
capsella,0.651929515830221,740,false
anemone,0.651904106140141,741,true
hollyhock,0.651893474443775,742,true
dairy,0.651865998021723,743,true
mosquito,0.651827274426277,744,true
freshwater,0.651798883187705,745,true
spadefish,0.651764171193519,746,true
tamal,0.651663759449946,747,true
zooplankton,0.651638207132497,748,true
naticidae,0.651636161153937,749,false
coconut,0.651589551662777,750,true
meat,0.651579554802663,751,true
horsetail,0.651546615546538,752,true
grouse,0.651503780573833,753,true
bustard,0.651478169990615,754,true
gudgeon,0.651477077691382,755,true
custard,0.651471218379078,756,true
peanut,0.651454010692479,757,true
moorhen,0.651425638879875,758,true
mustelidae,0.651414433205989,759,false
barley,0.651343920907017,760,true
cinclus,0.651319900233741,761,false
purl,0.651303926187989,762,true
monggo,0.651292225641486,763,false
seamount,0.651271739677892,764,true
bowel,0.651254154928648,765,true
ungulate,0.651237365824706,766,true
lacer,0.651166519453147,767,true
bulrush,0.651131233505544,768,true
cochlear,0.651110449499516,769,true
belemnitic,0.651110312276474,770,false
phlox,0.651066120254854,771,true
branchiate,0.651044967583751,772,true
musci,0.651042439198858,773,false
fern,0.651039994010928,774,true
codling,0.651029306772865,775,true
conchoid,0.651023107889069,776,true
chanal,0.65102044648054,777,false
leechlike,0.650992971540354,778,true
pintail,0.650976914283861,779,true
protist,0.650968453230364,780,true
crampfish,0.650953531265263,781,true
sparling,0.650948502264694,782,true
appetiser,0.650945761856185,783,true
clump,0.650922676865905,784,true
calamus,0.650906404798852,785,true
menhaden,0.650881171226506,786,true
louse,0.650879621505742,787,true
pink,0.650875148333637,788,true
costal,0.650857506769077,789,true
cluck,0.650844572560004,790,true
pomfret,0.650842985460591,791,true
cyst,0.650830149650578,792,true
cycad,0.650817474674147,793,true
peal,0.650767482931537,794,true
bluebill,0.650737962082756,795,true
sulphide,0.650728064862259,796,true
hornpout,0.650725087480252,797,true
caviar,0.650705753329911,798,true
pistachio,0.650694888747366,799,true
freckle,0.650678199448819,800,true
woodpecker,0.650673249404029,801,true
osmerus,0.650664606730022,802,false
phosphate,0.650638400075293,803,true
tilapia,0.650634369216311,804,true
schnecken,0.65058553075065,805,true
bluish,0.650548297232186,806,true
stoat,0.650509038597885,807,true
neritid,0.650479376316075,808,false
bluebottle,0.650408664370101,809,true
phytoplankton,0.650370976306748,810,true
connecter,0.650364556930338,811,true
billfish,0.650357183877919,812,true
muslim,0.650350311419387,813,false
corbel,0.650331832517957,814,true
dill,0.650328336685449,815,true
parsnip,0.650261482580822,816,true
veggie,0.650244155540715,817,true
blush,0.650211310437043,818,true
quillwort,0.650187628010317,819,true
carbonate,0.650173583637095,820,true
shoveler,0.650159674901924,821,true
mucosal,0.650128224499717,822,true
malva,0.650127147179815,823,true
namur,0.650118729465094,824,false
ossicle,0.650056120763325,825,true
silurid,0.650017341970374,826,true
jute,0.650005701183282,827,true
juncus,0.64999798834312,828,true
sulfide,0.649993099271223,829,true
felafel,0.649977347256114,830,true
bugger,0.649977287651472,831,true
snake,0.649972316617785,832,true
vesical,0.649964371321463,833,true
astacidae,0.649962663650517,834,false
claw,0.64996077119136,835,true
muesli,0.649928015479105,836,true
bladderwrack,0.649867257483775,837,true
lanternfish,0.649857321373066,838,false
hassel,0.649830618490615,839,true
butterflyfish,0.649829408536599,840,false
loofah,0.649808505166085,841,true
larkspur,0.649788972697672,842,true
scallion,0.649787268055255,843,true
tentacled,0.649756312370305,844,true
canker,0.64974419477653,845,true
cowfish,0.64974315759458,846,true
parrotfish,0.649711132049565,847,true
billiard,0.649684032816657,848,true
cornflower,0.649672806262975,849,true
pincer,0.649632772825205,850,true
passel,0.649618722441602,851,true
ampullar,0.64960400466873,852,true
mutton,0.6496032685278,853,true
musty,0.649601063156075,854,true
snicker,0.64959833917608,855,true
opal,0.649587193106843,856,true
cuke,0.649580117985032,857,true
muncher,0.649560967061578,858,true
dowel,0.649544855979402,859,true
wolffish,0.649531699647263,860,true
harp,0.649527868656653,861,true
sandwort,0.64952651863976,862,true
salmonid,0.649517855076928,863,true
haliotidae,0.649493056475288,864,false
buoy,0.649448135462293,865,true
perca,0.649436989393056,866,false
swirl,0.64938080310822,867,true
auklet,0.649376195743556,868,true
springtail,0.64937585437678,869,true
luminescent,0.649375042356559,870,true
vibrio,0.649356067180638,871,true
wriggle,0.649342638332548,872,true
chipolata,0.649288274241727,873,true
periwinkle,0.649286645565825,874,true
stomatopod,0.649277168426176,875,true
goober,0.649156847545914,876,true
amberfish,0.649156765463872,877,false
eider,0.649087628776583,878,true
testaceous,0.6490824609448,879,true
curlew,0.649057069364613,880,true
bioluminescent,0.649029707677299,881,true
hotdog,0.649012064698239,882,true
merlangus,0.649004459381108,883,false
scauper,0.648990988731389,884,true
walrus,0.648990787415324,885,true
kanchil,0.648969271717625,886,false
squirrel,0.648927785296408,887,true
mariner,0.648916520016867,888,true
coccus,0.648910203511132,889,true
appetizer,0.648897686534983,890,true
islet,0.64889079173423,891,true
triggerfish,0.648886284298533,892,true
motorboat,0.648878253829219,893,true
katydid,0.648871299422617,894,true
tusk,0.648851430142271,895,true
murine,0.648836335609188,896,true
camus,0.648819243626419,897,true
clumber,0.648772499038438,898,true
bakeapple,0.648737868741888,899,true
lettuce,0.648655775429795,900,true
filet,0.64864963293076,901,true
mayfish,0.648649015942158,902,false
anchor,0.648605146920989,903,true
mangold,0.648561277899819,904,true
mullein,0.64855994403123,905,true
osier,0.648546415394117,906,true
muffle,0.648536405054555,907,true
physa,0.648483830509642,908,false
metazoan,0.648464141648782,909,true
rower,0.648463073647694,910,true
horseleech,0.648420509413573,911,true
godwit,0.648329138755803,912,true
peach,0.648314353522246,913,true
conk,0.648313522338872,914,true
sepia,0.648301459595779,915,true
acorn,0.648300090330846,916,true
pasqueflower,0.648294725912496,917,true
pommel,0.648264327541849,918,true
polecat,0.648251175880437,919,true
surgeonfish,0.648248872265297,920,true
wildfowl,0.648247240327052,921,true
lamprey,0.648228845105846,922,true
clammy,0.648223796380986,923,true
cholla,0.648218551171933,924,true
gallinula,0.648163160791219,925,false
cupflower,0.648116711118838,926,false
seawall,0.648082314260213,927,true
ossicular,0.648047563084525,928,true
opel,0.648015144822302,929,false
hagfish,0.647973295683855,930,true
tarragon,0.647948822501382,931,true
narwhal,0.64792076299686,932,true
bison,0.64791277932601,933,true
bean,0.64789066600148,934,true
mergus,0.647878149025331,935,false
orca,0.647842980599848,936,true
cheese,0.647825139501708,937,true
peneidae,0.647791205149103,938,false
chantarelle,0.647767463193386,939,true
unio,0.647758007049565,940,false
nettle,0.647735892033806,941,true
kiwi,0.647734799846102,942,true
torsk,0.647714018821721,943,true
pumpkinseed,0.647711454127263,944,true
tinca,0.647580602620877,945,false
minuscule,0.647547359106734,946,true
pencil,0.647522903609709,947,true
salmo,0.647510686368388,948,false
silkworm,0.647494572102376,949,true
hummus,0.647476925694037,950,true
rasp,0.647466578928625,951,true
missile,0.647464850393824,952,true
peony,0.647458356921887,953,true
fishbone,0.647437688250129,954,true
flatworm,0.647433319534858,955,true
aplacophoran,0.647419431651798,956,false
yeast,0.6473725052254,957,true
skewer,0.647357621631482,958,true
sandfish,0.647357283296342,959,true
lark,0.647354380234502,960,true
sheepshank,0.647334014733799,961,true
ulmus,0.647326567609703,962,false
stickleback,0.647313714027409,963,true
wormlike,0.647294479286013,964,true
oligochaete,0.647219994498492,965,true
osteostracan,0.647203424406257,966,false
mulloway,0.647199905991541,967,true
duct,0.647199332714085,968,true
mistflower,0.647195956278099,969,false
ammonitic,0.647193449401075,970,true
bergamot,0.64716919379419,971,true
glass,0.647161581943131,972,true
rascal,0.647108731905407,973,true
redfish,0.647101181399963,974,true
plankton,0.647088643387911,975,true
fluvial,0.647062990596693,976,true
morus,0.647061861613671,977,false
dovetail,0.647044935646352,978,true
bibliothecal,0.647041261196141,979,true
potamogeton,0.647037444743882,980,true
tardigrade,0.647026317957201,981,true
persimmon,0.647014141082768,982,true
hydrilla,0.646990674375376,983,true
scourer,0.646971083726151,984,true
jawfish,0.646927672258338,985,false
mussitate,0.646859442438951,986,true
pickerelweed,0.646857973371383,987,true
nickel,0.646844348499526,988,true
sewer,0.646803575373122,989,true
sawfish,0.646779572195909,990,true
chick,0.646775841712956,991,true
drawer,0.64674795030097,992,true
ant,0.646741555112193,993,true
mallow,0.646738129465357,994,true
mull,0.646717131137852,995,true
flank,0.646698353889438,996,true
malacostraca,0.646693268221217,997,false
aphid,0.646684923570451,998,true
ox,0.646676280896443,999,true
steamship,0.646625634424503,1000,true
goosander,0.646610375632712,1001,true
skink,0.646599688923342,1002,true
daikon,0.646594143896423,1003,true
rib,0.646592297946949,1004,true
shoal,0.64656785644719,1005,true
insectan,0.646555760297524,1006,true
bass,0.646517094346959,1007,true
brotula,0.646489735810115,1008,false
finback,0.646487032529605,1009,true
wistful,0.646480339345972,1010,true
jellyfish,0.646473965258968,1011,true
anthill,0.646454768950316,1012,true
anopheline,0.646384654615938,1013,true
toadfish,0.646355986595158,1014,true
aplysia,0.646351120093408,1015,false
tilefish,0.64631668605308,1016,true
discus,0.646312390878775,1017,true
ortolan,0.646295466798275,1018,true
carapace,0.646257239133983,1019,true
paella,0.646249828897402,1020,true
endive,0.646241226568296,1021,true
mauve,0.646240192203545,1022,true
fusil,0.646232980040667,1023,true
spatulate,0.646228108063628,1024,true
viaduct,0.646218075221214,1025,true
brick,0.646142496509114,1026,true
artiodactyl,0.646136164665227,1027,true
abacus,0.646125453248674,1028,true
bugler,0.646101151967328,1029,true
tautoga,0.646088600158696,1030,false
soapfish,0.646083770342211,1031,false
tridacnidae,0.646074516049103,1032,false
ovary,0.646066350213743,1033,true
humpback,0.646058615337364,1034,true
marl,0.646056013829233,1035,true
myosin,0.646037655596454,1036,true
myxosporidian,0.646002148628752,1037,false
pecan,0.645990887045318,1038,true
platelet,0.645990368006892,1039,true
fanwort,0.64598270010742,1040,true
cicada,0.645977474149686,1041,true
myocardial,0.64593153635812,1042,true
monger,0.645928440624038,1043,true
heron,0.645834421118364,1044,true
ulcer,0.645822682727736,1045,true
neuronal,0.64581348622958,1046,true
excel,0.645810202380166,1047,true
fungous,0.645798287046068,1048,true
dunlin,0.645782747613357,1049,true
rill,0.645775416241612,1050,true
pholadidae,0.64577219572249,1051,false
frijol,0.645771441975663,1052,true
angleworm,0.645760097846992,1053,true
bream,0.645757559700477,1054,true
dotterel,0.645757256068938,1055,true
archerfish,0.645742454871087,1056,true
drumlin,0.645737332613805,1057,true
riblike,0.645711362361913,1058,true
chalk,0.645702358311838,1059,true
curler,0.645693863464906,1060,true
moustache,0.645679992952366,1061,true
arugula,0.645673492292971,1062,true
ijssel,0.645664749651976,1063,false
brisket,0.645652449973293,1064,true
cigar,0.645639596489632,1065,true
amberjack,0.6456144625681,1066,true
chigger,0.645607904173595,1067,true
gum,0.645574646660643,1068,true
raspberry,0.645557222863188,1069,true
reef,0.645545277029232,1070,true
minstrel,0.645527678194961,1071,true
haricot,0.645525851579062,1072,true
hogfish,0.645502940372249,1073,true
lichen,0.645461732421989,1074,true
rivulet,0.645443418350425,1075,true
chufa,0.645441434059068,1076,true
mustela,0.645427480876221,1077,false
kayak,0.645349958261846,1078,true
bessel,0.645304760616744,1079,false
haplosporidian,0.645284775742659,1080,false
blossom,0.645266013773205,1081,true
mississippian,0.645246186569107,1082,false
axolotl,0.645237401624378,1083,true
peacock,0.645224988460545,1084,true
umbel,0.645224667373995,1085,true
grampus,0.645223913659804,1086,true
zebra,0.64521149666378,1087,true
colza,0.645190256260664,1088,true
cobble,0.645186360809749,1089,true
molybdenum,0.645178237270013,1090,true
sandspur,0.645175435851541,1091,true
suslik,0.645171940326695,1092,true
flax,0.645159244537358,1093,true
moonflower,0.645138140643504,1094,true
scullion,0.645134529761412,1095,true
linguine,0.645090199275345,1096,true
bolster,0.645080841344721,1097,true
creek,0.645060016232744,1098,true
bmus,0.645002303570715,1099,false
myoglobin,0.64499302834315,1100,true
gallinacean,0.644991732387503,1101,true
eyelash,0.644976198673253,1102,true
scrod,0.644963679757448,1103,true
swan,0.644929147501163,1104,true
barge,0.644918880169469,1105,true
angler,0.644902727311697,1106,true
kohlrabi,0.644898333841464,1107,true
chondrichthian,0.644881842572854,1108,false
bladderwort,0.644879064269132,1109,true
amyl,0.644862771034245,1110,true
cress,0.644835747008882,1111,true
oboe,0.644831653505265,1112,true
desmid,0.644820390178596,1113,true
mudcat,0.644791722297673,1114,true
moslem,0.644788542079244,1115,false
decibel,0.644783650585096,1116,true
salamander,0.644755282685477,1117,true
racoon,0.644711532873604,1118,true
curvet,0.644710540771489,1119,true
parakeet,0.644702157693983,1120,true
earthstar,0.644700127208248,1121,true
flaxseed,0.644694405161668,1122,true
skirret,0.644692995827974,1123,true
dormouse,0.644689577184865,1124,true
mayonnaise,0.644654354771722,1125,true
koala,0.644645452499394,1126,true
sandbur,0.644620833810047,1127,true
ferret,0.644617519103447,1128,true
acipenser,0.644614002429615,1129,false
ghostfish,0.644605598175202,1130,false
scheldt,0.644604563713078,1131,false
felspar,0.644590518200973,1132,true
protozoon,0.644521055625772,1133,true
hopeful,0.64451848668523,1134,true
bollard,0.644506969720542,1135,true
mitral,0.644503689483358,1136,true
tapeworm,0.644484779567444,1137,true
cucumber,0.644483051032848,1138,true
bewhisker,0.644479509200963,1139,false
diner,0.644476709766094,1140,true
lapwing,0.644471879805068,1141,true
brook,0.644463577536559,1142,true
camelus,0.644443729188666,1143,false
tentacle,0.644437547523538,1144,true
chablis,0.644434971280716,1145,true
ruminant,0.644406491507848,1146,true
collembola,0.644405262995394,1147,false
bashful,0.644382715225224,1148,true
argal,0.644350918765681,1149,true
elbow,0.644333935429742,1150,true
bubble,0.64430276419537,1151,true
calabash,0.644254122794662,1152,true
chalcid,0.644235393748568,1153,true
truffle,0.644232647923547,1154,true
milker,0.644210773016306,1155,true
adelgid,0.64420936371144,1156,false
oilfish,0.644188484895926,1157,false
dumpling,0.64416014745715,1158,true
gland,0.644122758157419,1159,true
muffin,0.644106364862079,1160,true
sinew,0.64410546877515,1161,true
silk,0.644070282831552,1162,true
laver,0.644069033154134,1163,true
vein,0.644024750946487,1164,true
walleye,0.64402099585409,1165,true
mispickel,0.644010343790672,1166,true
rorqual,0.643998703718273,1167,true
goldfish,0.643977403640752,1168,true
swallowtail,0.643935261124545,1169,true
sailor,0.643932384975883,1170,true
dockworker,0.643920996422828,1171,true
draba,0.643917914137468,1172,false
lemna,0.643890021195116,1173,false
steel,0.643863878019827,1174,true
shrewmouse,0.64383669830343,1175,true
lens,0.643806972730577,1176,true
bluefish,0.643800514197411,1177,true
dumbbell,0.64378994498759,1178,true
dossel,0.64377192519736,1179,true
cheek,0.643768862080041,1180,true
sawmill,0.643737597019977,1181,true
opaline,0.643736718035047,1182,true
myriophyllum,0.643734020741717,1183,false
ambulacral,0.643719081213667,1184,true
bittern,0.643713674323946,1185,true
sorrel,0.643709221107318,1186,true
mooneye,0.643690003064286,1187,true
smew,0.643651285389144,1188,true
mucosa,0.643645820943638,1189,true
moong,0.643614649772649,1190,false
bittercress,0.643604142236234,1191,true
shark,0.643583157276104,1192,true
shrew,0.643523058681316,1193,true
marten,0.643478947100514,1194,true
fieldmouse,0.643476997250799,1195,true
balanidae,0.643467324193397,1196,false
begonia,0.643459735226012,1197,true
beigel,0.643416200498633,1198,true
marine,0.643390336238763,1199,true
hake,0.643386921680763,1200,true
daphnia,0.64337574602692,1201,true
piscatorial,0.643372354808959,1202,true
nobble,0.643357872962956,1203,true
rugger,0.643345538971654,1204,true
scupper,0.643344855806955,1205,true
opiate,0.643306353289269,1206,true
strongylodon,0.643297651010613,1207,false
eryngo,0.643292507929067,1208,true
scud,0.643291192447089,1209,true
mouthbreeder,0.643272614966723,1210,true
emulsifier,0.643270850181584,1211,true
cobalt,0.643261509330453,1212,true
weld,0.643258309849845,1213,true
corneal,0.643251099780269,1214,true
antacid,0.64325061875597,1215,true
gazelle,0.643245854571216,1216,true
helminth,0.643235764310623,1217,true
mussiness,0.643226084997602,1218,true
roadkill,0.643214864347612,1219,true
hogget,0.643189087579361,1220,true
redshank,0.643187914654716,1221,true
plank,0.64318430423737,1222,true
tussore,0.643183827400212,1223,true
soybean,0.643163336266092,1224,true
lacquer,0.643157162854504,1225,true
horse,0.643146453185063,1226,true
sunfish,0.643130264095659,1227,true
mastic,0.643103080165753,1228,true
hawksbill,0.643070855323724,1229,true
turbinate,0.643038349513811,1230,true
gallinago,0.643038072767144,1231,false
driftfish,0.643033979210316,1232,false
burger,0.642998946606809,1233,true
orpin,0.642998933792119,1234,true
mogul,0.64296690481704,1235,true
osteal,0.642958262143033,1236,true
musher,0.642941551559156,1237,true
lemon,0.642935233466057,1238,true
peul,0.642921009237828,1239,false
hartebeest,0.642918684656543,1240,true
husk,0.64291433776448,1241,true
psocid,0.642907734437181,1242,true
amur,0.642902114564308,1243,false
parrakeet,0.642886913252907,1244,true
wreckfish,0.642869434185668,1245,true
brooklime,0.642867726937822,1246,true
chordate,0.642867130891445,1247,true
scuttle,0.642859582389696,1248,true
foraminifer,0.642848883354402,1249,true
bristle,0.642834148238064,1250,true
booklouse,0.642811260055835,1251,true
amine,0.642804322493463,1252,true
garlic,0.642794506882966,1253,true
spergula,0.642776248703264,1254,false
pogy,0.642727332440297,1255,true
phosphatase,0.642719311390023,1256,true
cobnut,0.642701821649292,1257,true
scophthalmus,0.642697706785322,1258,false
caramel,0.642691788914066,1259,true
bruise,0.642682829063108,1260,true
drydock,0.642660179296744,1261,false
blaster,0.642655904767974,1262,true
thinker,0.642653622785428,1263,true
ramus,0.64263951348773,1264,true
littorina,0.642596598135818,1265,false
maser,0.642593422090616,1266,true
charlock,0.642590978300035,1267,true
mucilage,0.642552533301863,1268,true
skimmer,0.642521396209295,1269,true
oceanaut,0.642511763722407,1270,true
nutlike,0.642489147928114,1271,true
lupine,0.642485616429355,1272,true
pufferfish,0.64248100772387,1273,false
molluscum,0.642473020700994,1274,true
skunk,0.642463720211941,1275,true
steamboat,0.64246050805326,1276,true
mantis,0.642429270889121,1277,true
palm,0.642415161564678,1278,true
aquiculture,0.64239569649723,1279,true
copper,0.642394862032253,1280,true
operculum,0.642381086846223,1281,true
mucus,0.642378411151276,1282,true
nurser,0.642376818798592,1283,true
chisel,0.642373480938286,1284,true
seel,0.642365811082645,1285,true
mobster,0.642339663784464,1286,true
grapelike,0.642338114063515,1287,true
mainsail,0.642338013997378,1288,true
vetchworm,0.642331753333037,1289,false
abyssal,0.64232303843958,1290,true
muskiness,0.642320709505166,1291,true
strudel,0.642298398223376,1292,true
delve,0.642269530431601,1293,true
strep,0.642225227223333,1294,true
bemuse,0.64220789922523,1295,true
leatherfish,0.642204399503065,1296,false
musquash,0.642189121572543,1297,true
oxtail,0.642184317111974,1298,true
elephant,0.642167010436477,1299,true
boarfish,0.64214940573566,1300,true
gill,0.64214158058167,1301,true
plier,0.642132639884953,1302,true
streusel,0.642128863461547,1303,true
leguminous,0.642128286551978,1304,true
fusilier,0.642110283752136,1305,true
garpike,0.642087893734919,1306,true
clinker,0.642067513342658,1307,true
gusher,0.642038345336919,1308,true
peeler,0.642037315125804,1309,true
rappel,0.642034373162138,1310,true
goby,0.642019706013168,1311,true
caecal,0.642001803279247,1312,true
ureter,0.641997137188742,1313,true
brackish,0.641995525657464,1314,true
goosefoot,0.641987400291848,1315,true
pewee,0.641985803479022,1316,true
seaward,0.641985080123847,1317,true
liver,0.641983590007817,1318,true
leuciscus,0.641946270871877,1319,false
oleander,0.641944186919235,1320,true
deer,0.641937630407528,1321,true
cygnet,0.641888895147378,1322,true
horsemeat,0.641888394749726,1323,true
hibiscus,0.641879716031536,1324,true
lungfish,0.641879692469774,1325,true
cyprinoid,0.641866436672147,1326,true
gulp,0.641858296615874,1327,true
hushpuppy,0.641847648730735,1328,true
buffet,0.641829250022404,1329,true
muntjac,0.641828355952653,1330,true
skier,0.641825318336491,1331,true
pepperwort,0.641819000244145,1332,true
harebell,0.641797406459182,1333,true
earwig,0.641791782272362,1334,true
salsify,0.641769328222832,1335,true
hydrophyllum,0.641768830033401,1336,false
skilletfish,0.641720605409336,1337,false
brine,0.641705193621231,1338,true
felucca,0.641698194056221,1339,true
toothwort,0.641673347850253,1340,true
elver,0.64166460062036,1341,true
nemertean,0.641656809297547,1342,true
neritidae,0.641613704965883,1343,false
warbler,0.641601004695953,1344,true
fishtail,0.641595401859011,1345,true
newel,0.641584193942576,1346,true
tercel,0.641560015817882,1347,true
drill,0.641552712547173,1348,true
tooth,0.641546721735012,1349,true
nasturtium,0.641546049210195,1350,true
canoe,0.641509947911795,1351,true
inkwell,0.641494431584743,1352,true
muffler,0.641480980051844,1353,true
funguslike,0.641468899425137,1354,false
silverfish,0.641465468231998,1355,true
luster,0.641453304377396,1356,true
posset,0.641441779308531,1357,true
phosphor,0.641441021309147,1358,true
musd,0.641416587914026,1359,false
moonstone,0.641396560752188,1360,true
lacepod,0.641355314335545,1361,false
liken,0.64132940769196,1362,true
tendril,0.641328177372932,1363,true
mullidae,0.641320443350143,1364,false
onion,0.641307988244772,1365,true
histone,0.641304769593763,1366,true
urochordate,0.641301269763936,1367,true
nail,0.641297357237024,1368,true
mollymawk,0.641288757324223,1369,true
alligator,0.641279275646081,1370,true
clingfish,0.641209444927617,1371,true
teleost,0.641207132627285,1372,true
fiddler,0.641192274235758,1373,true
seascape,0.641183414529767,1374,true
flexor,0.641177973677051,1375,true
hookworm,0.641177549607841,1376,true
rail,0.641162095173785,1377,true
cobia,0.641153450218461,1378,true
cuscus,0.64114765174077,1379,true
flamingo,0.64113207810331,1380,true
limax,0.64111200816107,1381,true
urochorda,0.641091761686662,1382,false
planula,0.64106678962708,1383,true
molle,0.641040563583379,1384,false
mulish,0.641040341978114,1385,true
udder,0.641006865561419,1386,true
saltcellar,0.640979466525865,1387,true
squark,0.640976982233165,1388,true
hippocampus,0.640961072387642,1389,true
ribbed,0.640957448710792,1390,true
nuthatch,0.640955269336705,1391,true
spruce,0.640923671970167,1392,true
lionfish,0.640918531472597,1393,true
emu,0.64091799272865,1394,true
phasmid,0.640905516255559,1395,true
myofibril,0.640876851029594,1396,true
moulin,0.640866675428551,1397,true
grackle,0.640864159854892,1398,true
bulgur,0.6408623456955,1399,true
guillemot,0.640838465640647,1400,true
wart,0.640818281076178,1401,true
waterway,0.640804166937621,1402,true
teal,0.640779376029973,1403,true
gecko,0.640773773193364,1404,true
littorinidae,0.64076938386147,1405,false
mudder,0.64075940384139,1406,true
rockweed,0.64074585680639,1407,true
mealworm,0.640729305809376,1408,true
flyfish,0.640722193761004,1409,false
poodle,0.640712575997421,1410,true
pineapple,0.640685396276164,1411,true
blueberry,0.640667853415119,1412,true
cicala,0.640655393717659,1413,true
caraway,0.640639577064418,1414,true
bullhead,0.640635268763932,1415,true
duckweed,0.64056578883019,1416,true
anthozoan,0.640563151802839,1417,true
cultured,0.640558638605991,1418,true
gargle,0.640524759402078,1419,true
limacoid,0.64051296469493,1420,false
oxlip,0.640500521734435,1421,true
coolwart,0.640467324284753,1422,false
pelagic,0.640454528372395,1423,true
siskin,0.640451788902287,1424,true
drumfish,0.640449204471661,1425,true
brasslike,0.640446245670323,1426,false
buttock,0.64042174816132,1427,true
mussitation,0.640420675277715,1428,true
whiting,0.640416319444715,1429,true
bovine,0.640415761569925,1430,true
corylus,0.640413084054774,1431,true
buccula,0.640412449836736,1432,false
ossiculate,0.640408768739148,1433,false
nuphar,0.640394210815434,1434,false
pillwort,0.640385186729608,1435,true
canard,0.640374431755197,1436,true
petal,0.640363273653085,1437,true
hosta,0.64033456800375,1438,true
hogchoker,0.640323874979366,1439,false
beryl,0.640318152932956,1440,true
restful,0.640314414566785,1441,true
eddo,0.640299239176468,1442,true
woad,0.640293355040555,1443,true
fillet,0.640266895294194,1444,true
sinker,0.64026220324781,1445,true
caddisworm,0.640261645363865,1446,true
keelson,0.640255167537518,1447,true
lump,0.640248975738954,1448,true
horsecar,0.640244758165592,1449,true
pean,0.64021308901466,1450,true
nerita,0.640201210975652,1451,false
snakefish,0.640199003237397,1452,true
puffer,0.64019370079041,1453,true
schnabel,0.640186286000354,1454,false
kinase,0.640186066660775,1455,true
conodont,0.640176019658098,1456,true
chenille,0.640130100261876,1457,true
veg,0.640124282829516,1458,true
birder,0.640121512445624,1459,true
amuse,0.640119190237379,1460,true
pompano,0.640117759725648,1461,true
encrust,0.640115120417782,1462,true
chive,0.640109062194829,1463,true
scut,0.640106954580961,1464,true
crambe,0.640096626275989,1465,true
ictalurus,0.64008497716516,1466,false
passionflower,0.64007522820979,1467,true
cyder,0.640061674123556,1468,true
involve,0.640059528356153,1469,true
pterodactyl,0.640055055628132,1470,true
lunger,0.640041210653855,1471,true
teak,0.640039439208408,1472,true
diodon,0.640028200147866,1473,false
ammoniate,0.640019216538622,1474,true
insulator,0.639989733695988,1475,true
muzhik,0.639956712722783,1476,true
umbellar,0.63992742059885,1477,true
string,0.639925317755379,1478,true
lorchel,0.639919145116926,1479,false
monaul,0.639898276313883,1480,true
spoon,0.639894089705115,1481,true
sneaker,0.639890530102882,1482,true
gemmule,0.639855043870812,1483,true
bowerbird,0.639853610961895,1484,true
agaric,0.639844970684644,1485,true
moil,0.639820039272313,1486,true
burble,0.639794445007212,1487,true
gael,0.63978983397868,1488,false
wader,0.63977881432899,1489,true
sandfly,0.639778592573322,1490,true
cushaw,0.639778354154728,1491,true
gristle,0.639764347062371,1492,true
houseboat,0.639722900357592,1493,true
greylag,0.639718549218005,1494,true
flute,0.639702973339228,1495,true
ichthyosaur,0.639699950155608,1496,true
murre,0.63969059945998,1497,true
spaniel,0.639689722042664,1498,true
porcupine,0.639674305915837,1499,true
barbell,0.639663062115735,1500,true
broiler,0.639644617970817,1501,true
squirrelfish,0.639638619379833,1502,true
molehill,0.639637246056223,1503,true
crocus,0.639634880932546,1504,true
consonant,0.639596049857874,1505,true
seafarer,0.639595568180089,1506,true
magnet,0.639594435691838,1507,true
fishhook,0.639562661569596,1508,true
squamule,0.639554021318617,1509,true
grist,0.63954726693316,1510,true
dinoflagellate,0.639538471781317,1511,true
aquatic,0.639533081026858,1512,true
caul,0.6395244646923,1513,true
convulse,0.639499204099083,1514,true
nacreous,0.639478361528868,1515,true
bandicoot,0.639477849006657,1516,true
lascaux,0.639476594878131,1517,false
benthic,0.63946208945842,1518,true
wallflower,0.639460716118988,1519,true
turbinal,0.639456830057105,1520,true
allium,0.639433302845557,1521,true
protozoal,0.639431075981984,1522,true
awl,0.639422097171671,1523,true
gneiss,0.639420909950643,1524,true
chaffinch,0.639406599963106,1525,true
annelida,0.639389834440371,1526,false
oolong,0.639376201592459,1527,true
opah,0.639369406662549,1528,true
vanellus,0.639357902965422,1529,false
corn,0.639355936012027,1530,true
coypu,0.639326267061729,1531,true
tarpon,0.639317951243056,1532,true
safflower,0.639291801410426,1533,true
mummer,0.639290218480219,1534,true
joist,0.63928718790443,1535,true
labrador,0.639263448649357,1536,true
pipefish,0.639258580119441,1537,true
sea,0.639255559333497,1538,true
clay,0.63925055254259,1539,true
kebab,0.639224128630653,1540,true
kingfisher,0.639222717169332,1541,true
smoker,0.639221944762585,1542,true
cercaria,0.63920778036118,1543,true
vermicelli,0.639154808420516,1544,true
blucher,0.639135475004103,1545,true
crangon,0.63913301462728,1546,false
bobolink,0.639132080000527,1547,true
tortoise,0.639122958026462,1548,true
limp,0.63911291127725,1549,true
ichthyologist,0.639111513932619,1550,true
wombat,0.63910762058312,1551,true
platypus,0.639105281883174,1552,true
bladderpod,0.639096260070805,1553,false
cornhusk,0.639065122465063,1554,true
razorbill,0.639056498835654,1555,true
biologist,0.639027690742566,1556,true
slipper,0.639004602224597,1557,true
suillus,0.639002843022026,1558,false
loofa,0.638998687267308,1559,true
donkey,0.63899480801728,1560,true
midge,0.638949985316394,1561,true
needle,0.638948760095323,1562,true
navel,0.638944582813332,1563,true
kale,0.638940730031773,1564,true
panfish,0.638936874771435,1565,true
dinosaur,0.638918752476947,1566,true
whiskered,0.638904891079383,1567,true
surffish,0.63887136926097,1568,true
cochineal,0.638868148124484,1569,true
jewel,0.638851575543416,1570,true
exceed,0.63883177273463,1571,true
waffle,0.638826093743686,1572,true
vigna,0.638808348107837,1573,false
pollyfish,0.63879147999236,1574,false
ascophyllum,0.638782582355594,1575,false
clamminess,0.638779342174535,1576,true
gunner,0.638777294086058,1577,true
masker,0.638765787894396,1578,true
mulberry,0.638742186948193,1579,true
saltwater,0.638740463407003,1580,true
seal,0.638734178392193,1581,true
neutrophil,0.638722276497227,1582,true
shoreward,0.63869990321694,1583,true
cod,0.638690498187464,1584,true
herbivore,0.638678250194632,1585,true
greenshank,0.638664489031256,1586,true
bagpipe,0.638655819812765,1587,true
helical,0.6386491060257,1588,true
abel,0.638649008354614,1589,false
merman,0.638634269481758,1590,true
olivelike,0.638614177703862,1591,false
tsetse,0.638611853122716,1592,true
duckbill,0.638605134320871,1593,true
gromwell,0.638596610855652,1594,true
pagurus,0.638580417421523,1595,false
sandbank,0.638574475987163,1596,true
harpooner,0.638574323739162,1597,true
calf,0.638571121607491,1598,true
asteroid,0.638569349986796,1599,true
mycophagist,0.638556621160719,1600,true
tuber,0.638555169105534,1601,true
fistulate,0.638546681187553,1602,true
cyclamen,0.638484737963404,1603,true
chimneysweeper,0.638439869648199,1604,false
alnus,0.63839276294622,1605,false
carboxyl,0.63839218845321,1606,true
butterfly,0.638384780980074,1607,true
outboard,0.638380029104951,1608,true
poultry,0.638377254299445,1609,true
honeydew,0.638364889524276,1610,true
glutamate,0.638351993364333,1611,true
cornstalk,0.638317541875546,1612,true
camellia,0.638316702341061,1613,true
mucilaginous,0.638311228852805,1614,true
testis,0.638306736946111,1615,true
mortar,0.638297324485093,1616,true
cow,0.638285674946648,1617,true
cushat,0.638263571779911,1618,true
asperula,0.638263463974004,1619,false
feather,0.638262808322911,1620,true
kraal,0.638226769076192,1621,true
pool,0.638224301179436,1622,true
riverbank,0.638213076484984,1623,true
stegosaur,0.638209348045136,1624,true
trionyx,0.63820213079453,1625,false
loach,0.638199581724321,1626,true
bilk,0.638192372106597,1627,true
chestnut,0.638185379342918,1628,true
lemur,0.638184206269289,1629,true
moustachio,0.638184032548436,1630,true
chenfish,0.638183927265395,1631,false
mousey,0.638182794776976,1632,true
intersect,0.638178825378423,1633,true
owl,0.638167576571414,1634,true
paddler,0.638154468646389,1635,true
conferva,0.638125078454623,1636,true
pectinibranchia,0.638112723827367,1637,false
seaman,0.638110616094508,1638,true
canine,0.638102076166755,1639,true
murk,0.638078532333472,1640,true
amusd,0.63807780061764,1641,false
orthopteran,0.638054780438342,1642,true
wiggler,0.638028993195386,1643,true
shackle,0.638012585462265,1644,true
poriferan,0.63800984364836,1645,true
pellet,0.638004018844015,1646,true
pinkish,0.637980694409734,1647,true
shaddock,0.637965879561561,1648,true
numbfish,0.637925462475474,1649,true
bufflehead,0.637916386127476,1650,true
largemouth,0.637903446776292,1651,true
flagfish,0.637901382196114,1652,false
filbert,0.637897334224155,1653,true
myxoma,0.637850274270889,1654,true
cucurbitaceous,0.637841062288411,1655,true
moor,0.637840428223637,1656,true
bamboo,0.637836971154034,1657,true
prune,0.637836217880254,1658,true
cockscomb,0.6378039691869,1659,true
cockroach,0.637798127931189,1660,true
girder,0.637795326512634,1661,true
stonefish,0.637783207761242,1662,true
musophaga,0.637727336612622,1663,false
sparkle,0.63770518527658,1664,true
myristica,0.637697377067649,1665,false
utensil,0.637693819793506,1666,true
muzzler,0.637685656547551,1667,true
gavial,0.637683949608578,1668,true
tablet,0.637648902079539,1669,true
urinal,0.637643277645116,1670,true
raccoon,0.637634797378225,1671,true
bluegrass,0.637631654739384,1672,true
ascomycete,0.637615008638518,1673,true
wonton,0.637591383600759,1674,true
fascinate,0.637585244322713,1675,true
gopher,0.637578671411542,1676,true
piscine,0.637559847540837,1677,true
amylase,0.637557224936155,1678,true
rust,0.637556672096257,1679,true
earthnut,0.637534713377761,1680,true
darnel,0.637500736117543,1681,true
worm,0.637499332427983,1682,true
buckwheat,0.637472553554487,1683,true
corchorus,0.637464878332455,1684,false
mosstone,0.637440337600781,1685,false
tamale,0.637409128988334,1686,true
pignut,0.637408294523258,1687,true
animalcule,0.637402610469176,1688,true
aspergillus,0.63739806413651,1689,true
escalator,0.637397565686559,1690,true
meerschaum,0.637387237704571,1691,true
weed,0.637386099980605,1692,true
zinc,0.637384100272185,1693,true
jetty,0.637382504706011,1694,true
mucopolysaccharide,0.637357072515139,1695,false
bowfin,0.637347438177315,1696,true
pogey,0.637337684631352,1697,true
ooze,0.637337205171931,1698,true
anastomus,0.637325742085323,1699,false
amethyst,0.637317695457799,1700,true
weeder,0.637315089222508,1701,true
sheep,0.637314953643976,1702,true
vole,0.63730556884575,1703,true
scolymus,0.63730480448576,1704,false
antedon,0.637303628760794,1705,false
actiniarian,0.637288191156877,1706,false
slug,0.637284831677059,1707,true
bulb,0.637280716328773,1708,true
riesling,0.637279900855999,1709,true
dodder,0.637252850860036,1710,true
creeper,0.637241651025427,1711,true
vicia,0.637237830491343,1712,false
frog,0.637230767626031,1713,true
veau,0.637226364777911,1714,false
rosette,0.63722210859258,1715,true
inkpot,0.637219762387837,1716,true
guacamole,0.637214416959481,1717,true
greengage,0.637188469944667,1718,true
shoveller,0.637186820004015,1719,true
nanotube,0.637176313231965,1720,true
shimmer,0.637164587467538,1721,true
gut,0.637156920094123,1722,true
puffball,0.63715126292997,1723,true
bird,0.637137708408032,1724,true
selachian,0.637135066815322,1725,true
lizardfish,0.63713117088451,1726,false
cyanophyte,0.63712548945476,1727,true
limanda,0.637116727571195,1728,false
hairstreak,0.637093506032626,1729,true
marlberry,0.637060365852106,1730,false
dibranchiata,0.637060105800633,1731,false
dishful,0.63705313735253,1732,true
microbe,0.637047924819466,1733,true
nubbin,0.637018442153935,1734,true
llama,0.637017125549996,1735,true
mouselike,0.637004708797442,1736,true
flyswat,0.637004277884715,1737,false
incrust,0.636999449908776,1738,true
urtica,0.636990704357071,1739,true
horsebean,0.636965348087475,1740,true
coluber,0.636957063040123,1741,false
oniscus,0.63695219709757,1742,false
cestode,0.636952123823646,1743,true
cattish,0.636931023780653,1744,true
lysozyme,0.63691627979279,1745,true
ferrous,0.636893724932332,1746,true
phyllo,0.636889219284062,1747,true
buckle,0.636880435757664,1748,true
squirm,0.636875358372882,1749,true
silurus,0.63687274675803,1750,false
dink,0.636870619970914,1751,true
nailer,0.636861378585348,1752,true
crenel,0.63684941969507,1753,true
gizzard,0.636835770229789,1754,true
snook,0.636827997310526,1755,true
coddle,0.636822424124345,1756,true
fluster,0.636816940497352,1757,true
boat,0.636813841056009,1758,true
exsert,0.636803697587172,1759,true
bacterial,0.636803207111646,1760,true
pelvis,0.636798319530337,1761,true
muishond,0.6367922967897,1762,false
trunnel,0.636786298368728,1763,true
potful,0.636771283342176,1764,true
entoproct,0.636770939345798,1765,true
spud,0.636741264254914,1766,true
rosefish,0.63672324200135,1767,true
mailboat,0.63671586732363,1768,false
coregonus,0.636707939905403,1769,false
burrfish,0.636670313079945,1770,false
diplopoda,0.636667452057166,1771,false
blinder,0.636660708684476,1772,true
poorwill,0.636633309515316,1773,true
acicula,0.636613125195467,1774,true
cooter,0.63660357216618,1775,true
mew,0.636603355407719,1776,true
pennatula,0.636575639247899,1777,true
endothelial,0.63657508652509,1778,true
bay,0.636561670098405,1779,true
yam,0.636547885146873,1780,true
branchial,0.636528787302565,1781,true
corm,0.63651303270537,1782,true
muckle,0.636483333320429,1783,true
dibber,0.63646773317264,1784,true
pipewort,0.636459526699143,1785,true
naval,0.636455476284032,1786,true
lathyrus,0.636450745847867,1787,true
garnet,0.636437139723482,1788,true
hazel,0.636436592470594,1789,true
pastil,0.636412880634504,1790,true
cyprinus,0.636410011496251,1791,false
podilymbus,0.636400813412813,1792,false
persicot,0.636392750525044,1793,true
flamefish,0.636389212177898,1794,false
rock,0.636349878528732,1795,true
ringlet,0.636348762294577,1796,true
ladyfish,0.636347255924518,1797,true
cleft,0.636340794236135,1798,true
campanular,0.636323175649464,1799,true
soymilk,0.636319637298589,1800,true
pulley,0.636300103223336,1801,true
brachyuran,0.636298374688432,1802,true
oat,0.63629712842125,1803,true
firework,0.636295990502356,1804,true
milkcap,0.63628578995812,1805,false
vallisneria,0.63627147674561,1806,false
steak,0.636270441786674,1807,true
corrugate,0.63627031714209,1808,true
imidazole,0.636269130484411,1809,true
bulbil,0.636258659028291,1810,true
pagellus,0.636253595352177,1811,false
knot,0.636233703641141,1812,true
smuggler,0.636228975912539,1813,true
grocer,0.636213107560521,1814,true
clench,0.636185960314984,1815,true
tinsel,0.63617282560578,1816,true
chuff,0.636159157180661,1817,true
porthole,0.636156911162779,1818,true
nibble,0.636138282052391,1819,true
geranium,0.636103868484502,1820,true
trachurus,0.636091408380098,1821,false
spermous,0.636079839608633,1822,true
mantid,0.636071538339785,1823,true
skirl,0.636046843057494,1824,true
tripletail,0.636042155983578,1825,true
fig,0.636038655526399,1826,true
gurgle,0.636036666878864,1827,true
pike,0.63603452111114,1828,true
mnium,0.636030806667081,1829,false
pearlescent,0.636026144027715,1830,true
rustless,0.636025366427782,1831,true
wool,0.636015447620265,1832,true
zooid,0.636007704496844,1833,true
napkin,0.636007663846701,1834,true
sponger,0.635983472588662,1835,true
elm,0.635970787521695,1836,true
mitten,0.635942497011573,1837,true
zeal,0.635936103109364,1838,true
cockchafer,0.635926365852361,1839,true
galingale,0.635923629536008,1840,true
acridid,0.635896325111394,1841,false
antennal,0.635888305690733,1842,true
cochlearia,0.635878823049149,1843,false
hornwort,0.635878757939191,1844,true
plesiosaurus,0.635874070875292,1845,false
mongo,0.635868392236935,1846,true
dipper,0.635862025228034,1847,true
quarry,0.635850223505555,1848,true
ruffle,0.635832222898541,1849,true
amble,0.635831770524243,1850,true
sisal,0.63582584795741,1851,true
drool,0.635817841984968,1852,true
fiddle,0.635817311059407,1853,true
tandoor,0.635813230719549,1854,true
chrysomelid,0.635811404682565,1855,true
croissant,0.635808204979927,1856,true
wriggler,0.635805265403422,1857,true
azalea,0.635800161111366,1858,true
strawberry,0.635797893374845,1859,true
fibril,0.635793623548176,1860,true
cystic,0.635792770134973,1861,true
convictfish,0.635785601390277,1862,false
chuckwalla,0.635779819740078,1863,true
lithospermum,0.635778037124189,1864,true
croquette,0.635749675974232,1865,true
parasail,0.635734316921322,1866,true
antipasto,0.635716833813003,1867,true
phycobilin,0.635712718324769,1868,true
poacher,0.635704717892137,1869,true
amyloid,0.635693864309056,1870,true
scalpel,0.635688220812116,1871,true
pickle,0.635679738006561,1872,true
backswimmer,0.635667418787989,1873,false
sperm,0.63566628629957,1874,true
grub,0.635659694671635,1875,true
pulex,0.635645189025713,1876,false
heifer,0.63564101670033,1877,true
alder,0.635624782517526,1878,true
centrarchid,0.635612048841242,1879,false
mugful,0.635562953552272,1880,true
shadflower,0.635542443987198,1881,false
ruddle,0.635525757466393,1882,true
streamer,0.635515467585977,1883,true
anole,0.635505161553324,1884,true
benthonic,0.635499721378166,1885,true
wood,0.635494833798168,1886,true
hawk,0.635489219812612,1887,true
ovine,0.635488905637796,1888,true
mangonel,0.635486044614677,1889,true
scilla,0.635476962980862,1890,true
winker,0.635457748554544,1891,true
calcific,0.635455006740394,1892,true
manacle,0.635444136963881,1893,true
bilby,0.635424965994055,1894,true
washer,0.63541698455811,1895,true
knuckle,0.635412059103734,1896,true
liplike,0.635404364514871,1897,true
windmill,0.635392121032754,1898,true
pleaser,0.63538893250294,1899,true
demur,0.635374963283543,1900,true
biliary,0.635366028183841,1901,true
peptic,0.635318693696144,1902,true
clamatorial,0.635315499584953,1903,true
hatchery,0.635315255560309,1904,true
calciferous,0.635311088841503,1905,true
peel,0.635306715965276,1906,true
mural,0.635305580673121,1907,true
cerulean,0.635289907455449,1908,true
corkscrew,0.635285266003288,1909,true
snakehead,0.635284982008647,1910,true
elodea,0.635282830629686,1911,true
foamflower,0.635265193267761,1912,true
loon,0.635263323783879,1913,true
cactus,0.635255889327036,1914,true
mound,0.635253938497056,1915,true
pipeful,0.635250888153868,1916,true
digestive,0.635249414160814,1917,true
cheesy,0.635239563272036,1918,true
sonar,0.63523263789197,1919,true
cruller,0.6352284466343,1920,true
manta,0.635215363787699,1921,true
wormy,0.635207866908292,1922,true
argil,0.63519952225678,1923,true
mothball,0.635188040303115,1924,true
monastic,0.635171489139973,1925,true
bulbul,0.635162711143498,1926,true
amaranth,0.635152767644168,1927,true
scarf,0.635151681466551,1928,true
watermelon,0.635148915087923,1929,true
nutrient,0.635135731987026,1930,true
lobsterback,0.635129508536712,1931,false
throstle,0.635125788480236,1932,true
pistoleer,0.635107912725683,1933,true
mewl,0.635106720632716,1934,true
vellum,0.635102485880626,1935,true
infusorian,0.635091738115756,1936,true
puddler,0.635082458716998,1937,true
nectarine,0.635070117728743,1938,true
zest,0.635065994556795,1939,true
geode,0.635053076449221,1940,true
canvasback,0.635033921603432,1941,true
scarper,0.635029391649889,1942,true
dapple,0.635023192766093,1943,true
ful,0.635011233986095,1944,false
parasol,0.635008492172272,1945,true
suggest,0.635004162788396,1946,true
pakchoi,0.635001323521069,1947,false
shiitake,0.634992336480668,1948,true
shamus,0.634983339010677,1949,true
dabbler,0.634940185245288,1950,true
oriole,0.63493563353248,1951,true
gavel,0.634932832113842,1952,true
toad,0.634931182106016,1953,true
buttercup,0.634924747641371,1954,true
cockatiel,0.634924080638232,1955,true
cormorant,0.634913438841125,1956,true
hedgehog,0.63489986034041,1957,true
boar,0.634891726666197,1958,true
peasant,0.634871168748019,1959,true
whippet,0.634864839283194,1960,true
esker,0.634833731343374,1961,true
brass,0.634822008146823,1962,true
sinuous,0.634799800229095,1963,true
derail,0.634794831275944,1964,true
panpipe,0.634772972437498,1965,true
iron,0.634770550416146,1966,true
shiner,0.634763755486236,1967,true
fiddlehead,0.634763197274589,1968,true
crabapple,0.634743050902253,1969,true
tide,0.634742059394245,1970,true
dahlia,0.63473901955718,1971,true
earring,0.634733400658773,1972,true
breadroot,0.634722352027898,1973,true
coltish,0.634710707349224,1974,true
rhizopod,0.634686564607407,1975,true
saury,0.634661040624328,1976,true
blastomycete,0.634654058294847,1977,false
hepatica,0.634648994761586,1978,true
milklike,0.634630398110199,1979,true
ephemeropteran,0.634613746633605,1980,true
trapa,0.634608225179699,1981,false
dockside,0.634598111301379,1982,true
pasture,0.634596049785619,1983,true
maxilla,0.634593822633853,1984,true
eelpout,0.634590939830654,1985,true
planter,0.634590462993439,1986,true
wattle,0.634557165775131,1987,true
shirtsleeve,0.634553508109272,1988,true
peachick,0.634523771135592,1989,false
whiskery,0.634514174788356,1990,true
suture,0.634499882832152,1991,true
gastromy,0.634497723907378,1992,false
pork,0.634450012645129,1993,true
mangle,0.634449042943064,1994,true
bicarbonate,0.634448365503355,1995,true
heliobacter,0.634435333873949,1996,false
cottus,0.634433564642093,1997,true
nutmeg,0.634433420761452,1998,true
coot,0.634433047107821,1999,true
tuberculate,0.634429715011743,2000,true
mould,0.634429574012761,2001,true
galangal,0.634414230944847,2002,true
oviduct,0.634390982244253,2003,true
civet,0.63438768796774,2004,true
clasp,0.634359397551979,2005,true
wiper,0.63431911059392,2006,true
ocean,0.634314851083142,2007,true
gambusia,0.634313382763469,2008,true
sus,0.63431224738244,2009,true
vegetate,0.634309242459916,2010,true
dogfish,0.634290814399724,2011,true
hammer,0.634287081105297,2012,true
murrain,0.634273723873344,2013,true
octal,0.63427259717748,2014,true
sphincter,0.634257235184744,2015,true
offal,0.634254336357121,2016,true
vitellus,0.634238562927342,2017,true
myosotis,0.634235143661504,2018,true
crocodylus,0.634227568071051,2019,false
mallet,0.634206866354774,2020,true
fistular,0.634177088737492,2021,true
mignonette,0.634175853034956,2022,true
tomato,0.634166083683615,2023,true
piquant,0.634154834398917,2024,true
woodborer,0.634150401848602,2025,true
implant,0.634140206545041,2026,true
perilla,0.634139299392705,2027,true
lumbus,0.634138459111178,2028,false
fruit,0.634133583164199,2029,true
bilberry,0.634129794628576,2030,true
platyhelminth,0.634111759136179,2031,true
blubber,0.634087763185049,2032,true
gooseflesh,0.634086132049565,2033,true
gnawer,0.634071415530814,2034,true
parroquet,0.634064009981642,2035,true
biscutella,0.634059331771185,2036,false
bristletail,0.63405100018546,2037,true
lurker,0.63404398864901,2038,true
lepisma,0.634034706301779,2039,false
bugle,0.634025178311765,2040,true
plecopteran,0.634014616612986,2041,true
plugger,0.634009713055441,2042,true
durian,0.634007253289656,2043,true
oscillate,0.634005497099618,2044,true
nutcracker,0.633991539478307,2045,true
chimneysweep,0.63398960447064,2046,false
spatula,0.633986624237691,2047,true
bellow,0.633978821872404,2048,true
ganoid,0.633961053838986,2049,true
nipple,0.633948169115305,2050,true
blushful,0.633935131665179,2051,true
slaw,0.633914552097655,2052,true
bifid,0.633914508456858,2053,true
gherkin,0.633887730009105,2054,true
fescue,0.633877155233368,2055,true
mealberry,0.633876894992128,2056,false
hovel,0.633875554703105,2057,true
strawworm,0.633860701416857,2058,true
bisque,0.633860183865469,2059,true
bracket,0.633859314552506,2060,true
honeyflower,0.633855456207179,2061,false
gaul,0.63384989701807,2062,false
osteoclast,0.633843597815359,2063,true
curdle,0.633837653305043,2064,true
fugu,0.633832530240122,2065,true
fingernail,0.633825935949442,2066,true
cowslip,0.633810661208004,2067,true
vanadate,0.633796843003478,2068,true
relish,0.633793071960577,2069,true
myna,0.633788623439589,2070,true
plume,0.633787995495587,2071,true
chew,0.633780790462065,2072,true
whisk,0.633770541402166,2073,true
cardamom,0.633755100854808,2074,true
redhorse,0.633751329816997,2075,true
concuss,0.633744654096185,2076,true
marsh,0.633742251023189,2077,true
clawlike,0.633732124122146,2078,true
lancetfish,0.633727832588234,2079,false
broth,0.633714959196017,2080,true
cone,0.6336915115302,2081,true
partridge,0.633679346284788,2082,true
cashew,0.633677325625589,2083,true
cultivator,0.633673781217418,2084,true
stalactite,0.633663258930261,2085,true
vetch,0.633660662291305,2086,true
abysmal,0.633650302886967,2087,true
grosbeak,0.633641475494173,2088,true
dhow,0.633640126423851,2089,true
usher,0.633638219074991,2090,true
yucca,0.633632371912124,2091,true
pasteur,0.633622640423056,2092,false
neel,0.633615569307276,2093,false
moonlike,0.63360714912415,2094,true
burlap,0.633607008076133,2095,true
doctorfish,0.633589104841841,2096,false
snakelike,0.633569874380224,2097,true
flowery,0.633566056723305,2098,true
jewfish,0.633564629171172,2099,true
tile,0.633563198659612,2100,true
penicillin,0.633558473970991,2101,true
swordtail,0.633551657199864,2102,true
embank,0.633546547120398,2103,true
buffalofish,0.633540166460909,2104,true
openbill,0.633528151126395,2105,false
festuca,0.633513824166515,2106,false
moue,0.633505241096645,2107,true
pipit,0.633503252298223,2108,true
branchiopodous,0.633498869329768,2109,false
rice,0.633486070244675,2110,true
macaw,0.633464374152684,2111,true
creel,0.633458934220149,2112,true
leatherjacket,0.633443274107176,2113,true
reindeer,0.6334317108054,2114,true
eelblenny,0.633423946295751,2115,false
towel,0.633423896652202,2116,true
bead,0.633406253673142,2117,true
pumpkin,0.633398093783743,2118,true
alisma,0.63339106043524,2119,true
mescal,0.633386191730457,2120,true
usnea,0.63336578210969,2121,true
elater,0.633363237985056,2122,true
alosa,0.633337438106541,2123,false
snooker,0.633325890699135,2124,true
must,0.63332156141529,2125,true
glacier,0.63331794142448,2126,true
canary,0.633316115536227,2127,true
groove,0.633312558131301,2128,true
scald,0.633311089871325,2129,true
desalt,0.633308015268573,2130,true
geyser,0.633307890094267,2131,true
squeak,0.633292317390446,2132,true
muckrake,0.633291282253939,2133,true
shagbark,0.633287310600285,2134,true
scomber,0.633279047412939,2135,false
busker,0.633256451279694,2136,true
wink,0.633242525651607,2137,true
scapula,0.633241390174835,2138,true
shill,0.633241192488812,2139,true
sword,0.633225955559371,2140,true
cramp,0.633225158837457,2141,true
chanter,0.633222601817701,2142,true
trepang,0.633208507277104,2143,true
rutilus,0.633197239004832,2144,false
barramundi,0.633193292212088,2145,true
sicklepod,0.633190249381997,2146,false
mint,0.633185678694073,2147,true
uke,0.633170799394941,2148,true
pleural,0.633165576050615,2149,true
titbit,0.633159317562541,2150,true
lambchop,0.633157052585904,2151,false
abaca,0.633156353203599,2152,true
tiddler,0.633156155520105,2153,true
chickweed,0.633146242278366,2154,true
sciaenid,0.633130425178486,2155,true
omelet,0.633128520828055,2156,true
huckleberry,0.633114890231477,2157,true
cay,0.633107835014076,2158,true
trichopteran,0.633105196541859,2159,true
hurler,0.633098640030543,2160,true
wicker,0.633094690257637,2161,true
bedder,0.633080357267922,2162,true
portulaca,0.633072389111126,2163,true
duster,0.633065876340796,2164,true
pinecone,0.633053547193994,2165,true
clabber,0.633046922062062,2166,true
daisy,0.633031227173283,2167,true
callus,0.63301612231472,2168,true
masticate,0.633014735551006,2169,true
protozoan,0.633006930351262,2170,true
squash,0.633005095453136,2171,true
seem,0.633004263997586,2172,true
blister,0.632987317411958,2173,true
plateful,0.632968388022887,2174,true
fingerling,0.632967732371833,2175,true
poke,0.632964410362508,2176,true
nut,0.63296184736263,2177,true
portunus,0.632937826689353,2178,false
aquifer,0.632916645159321,2179,true
hawkbill,0.632914147799374,2180,true
bangle,0.632913432543679,2181,true
rapier,0.632903588721907,2182,true
swill,0.63290079635974,2183,true
ladybug,0.632893173749011,2184,true
cottontail,0.632865680159922,2185,true
sheepshead,0.632856255855066,2186,true
petromyzon,0.63285251660035,2187,false
spirogyra,0.632841863205545,2188,true
sickle,0.632821415785166,2189,true
squeaker,0.63282064395074,2190,true
neuroblast,0.632820010185246,2191,true
chondrule,0.632815728430677,2192,true
broadbill,0.63280844688416,2193,true
merger,0.632805146742175,2194,true
erodium,0.632801639843592,2195,true
housefly,0.632796080779099,2196,true
birdsong,0.632795371579849,2197,true
graylag,0.632786550091897,2198,true
boatbill,0.632780627343729,2199,true
botanic,0.632779714415644,2200,true
lovage,0.632762708232565,2201,true
pier,0.632751850425796,2202,true
shovel,0.632750686951043,2203,true
pipistrelle,0.632741413549111,2204,true
verst,0.632740974426274,2205,true
jell,0.632718302769561,2206,true
busk,0.632715469709281,2207,true
elliptical,0.632715425925538,2208,true
mitella,0.632709958118795,2209,false
blast,0.632707250981058,2210,true
wildflower,0.63270615924111,2211,true
spongefly,0.632705365524496,2212,false
venison,0.632679277541509,2213,true
gypsophila,0.632672466794997,2214,true
pullet,0.632672109167107,2215,true
flense,0.632653631726125,2216,true
biceps,0.632646159249086,2217,true
dibranchia,0.632644631424227,2218,false
kraut,0.632631025753566,2219,true
masher,0.632613978826177,2220,true
brickle,0.63261261763874,2221,true
tuba,0.632603444612233,2222,true
dragger,0.63260127694622,2223,true
semicircle,0.632596448969418,2224,true
ochre,0.632589735543117,2225,true
cyprinidae,0.632583154084747,2226,false
passerine,0.632579621605244,2227,true
herbal,0.632577432037655,2228,true
moorfowl,0.632573485374455,2229,true
wheatflake,0.632566332817082,2230,false
musclebuilder,0.632563070364364,2231,false
acetabular,0.63255620002747,2232,true
needlefish,0.632555105242439,2233,true
scabious,0.632554920328841,2234,true
myeloma,0.632533230336502,2235,true
missal,0.632527269871669,2236,true
pion,0.632523894310002,2237,true
beaver,0.632522739918396,2238,true
marinate,0.632519132044499,2239,true
blinker,0.632503603771866,2240,true
polypus,0.632491387873376,2241,true
breast,0.632490418404922,2242,true
shad,0.632487472816182,2243,true
dasheen,0.632484279126876,2244,true
rapscallion,0.632481512351172,2245,true
estrilda,0.632480822057685,2246,false
laser,0.632472612409152,2247,true
hadal,0.632460810688783,2248,true
kohl,0.632455207851841,2249,true
marmite,0.632449946853532,2250,true
musculoskeletal,0.632442668967565,2251,true
gumboil,0.632437310669593,2252,true
pinfish,0.632434578522348,2253,true
zooflagellate,0.632429973176715,2254,false
butcher,0.632421634648951,2255,true
fist,0.632413945650233,2256,true
ipod,0.632397093319721,2257,false
lemonlike,0.632387594269227,2258,true
didder,0.632380642436782,2259,true
sandbar,0.632380225204244,2260,true
pewter,0.632380052521241,2261,true
subway,0.63236937409183,2262,true
blastular,0.632352245642716,2263,true
steelworker,0.63235040710269,2264,true
doornail,0.632348016780378,2265,true
yammer,0.632346906205828,2266,true
cephalopoda,0.632344142478006,2267,false
humulus,0.632339847874016,2268,false
cardamine,0.632339515229436,2269,true
harpoon,0.63232122274386,2270,true
oval,0.632311842899819,2271,true
beach,0.632303968942639,2272,true
oar,0.632298312646261,2273,true
fishbowl,0.632298030394199,2274,true
tubercle,0.632296258025693,2275,true
enamel,0.632292923238241,2276,true
primula,0.63229232719174,2277,true
bladder,0.632289208906247,2278,true
convolvulus,0.632269859313969,2279,true
chewink,0.632267387453891,2280,true
fractal,0.63225473242352,2281,true
betel,0.632252655491085,2282,true
keelboat,0.632235966191542,2283,true
mustachio,0.632213062248307,2284,true
squiggly,0.632210530770454,2285,true
driftwood,0.632199343937577,2286,true
caprimulgus,0.63219628217761,2287,false
colewort,0.632174887190754,2288,true
dazzle,0.632156284369541,2289,true
budgerigar,0.632155314940848,2290,true
acyl,0.632154383191729,2291,true
muscleman,0.632150069731482,2292,true
bubbly,0.632132925518331,2293,true
avocet,0.63211596629933,2294,true
vessel,0.632064700126652,2295,true
pastille,0.632058940407111,2296,true
resistor,0.632049695497715,2297,true
collar,0.632044710638805,2298,true
squillidae,0.632042536748222,2299,false
cradle,0.632026396273003,2300,true
chicken,0.632016451839559,2301,true
moonwort,0.632007633448785,2302,true
beryllium,0.631994165897023,2303,true
oleaster,0.631992609975965,2304,true
crepe,0.631986916065221,2305,true
carpal,0.631974571700319,2306,true
montia,0.631972589014328,2307,false
swordfish,0.631970342871876,2308,true
siphonophore,0.631967579121527,2309,true
limpkin,0.631956633802352,2310,true
hooklike,0.6319513258847,2311,true
musnud,0.631949641224722,2312,false
skiff,0.631935634132365,2313,true
bustle,0.631911233891396,2314,true
stool,0.631911017412605,2315,true
momus,0.631903968339932,2316,true
ruby,0.631892932154256,2317,true
fernlike,0.631891906261449,2318,true
belt,0.631886130830173,2319,true
aortal,0.631860670315683,2320,true
lumpenus,0.631858480662389,2321,false
plunger,0.631857034432027,2322,true
nebular,0.631843579498087,2323,true
uvula,0.631842487783878,2324,true
vibrion,0.631841279974061,2325,true
railroad,0.631841220369413,2326,true
balsam,0.631837342953286,2327,true
pastel,0.631833948602317,2328,true
ophidian,0.631815389611171,2329,true
hydrozoan,0.631814398277665,2330,true
leatherjack,0.631802878868418,2331,false
mousetrap,0.631795883178715,2332,true
whisky,0.631780141314294,2333,true
millepede,0.631779288020624,2334,true
camelina,0.631767034530644,2335,false
resister,0.631743707164748,2336,true
divider,0.63174218563878,2337,true
dip,0.631741677484167,2338,true
tugger,0.631741003005624,2339,true
damoiselle,0.631733128944982,2340,true
splinter,0.631726243002788,2341,true
windlass,0.631725995212388,2342,true
bascule,0.63172439525869,2343,true
masquer,0.631724169418745,2344,true
wisp,0.631716605876381,2345,true
driveller,0.631713926792149,2346,true
blue,0.631711006164555,2347,true
leafhopper,0.631707878519987,2348,true
mossbauer,0.631704703772629,2349,false
willet,0.631703690493547,2350,true
muddle,0.631703251308785,2351,true
verrucose,0.631701149445842,2352,true
poulet,0.631692679331946,2353,false
gogh,0.631691239375408,2354,false
wallaby,0.631679509830402,2355,true
mouton,0.631679290237301,2356,true
kangaroo,0.631672225494858,2357,true
paramecium,0.631665763109842,2358,true
vacillator,0.631660731234729,2359,true
burp,0.631658428607899,2360,true
leatherlike,0.631655341686871,2361,true
shadfly,0.631652844595015,2362,true
shekel,0.631652345802526,2363,true
perejil,0.631650789779349,2364,false
yak,0.631642498471887,2365,true
flea,0.631641990248829,2366,true
rampion,0.631639399030174,2367,true
descale,0.631618358589314,2368,true
musth,0.631603749180738,2369,true
ponka,0.631597280502324,2370,false
delphinium,0.631596797394181,2371,true
rarebit,0.631593101905544,2372,true
mucinous,0.631584048271184,2373,true
laocoon,0.6315770306083,2374,false
branchia,0.631575904394642,2375,true
limner,0.631572397130112,2376,true
timbale,0.631564193647659,2377,true
whinchat,0.631560335028281,2378,true
escarole,0.631550468894868,2379,true
lamblike,0.631549251700784,2380,true
calk,0.6315435986791,2381,true
poppy,0.63153928204232,2382,true
suggestive,0.631538711098519,2383,true
mucous,0.631526780745016,2384,true
mince,0.631526627035537,2385,true
spikemoss,0.63151591073404,2386,false
muroidea,0.631509347974158,2387,false
cleat,0.631495318919709,2388,true
wister,0.63148268273577,2389,false
digger,0.631464817015221,2390,true
gristly,0.631454191717266,2391,true
ropemaker,0.631451741630047,2392,false
beard,0.631440557923351,2393,true
bar,0.631430105141414,2394,true
flycatcher,0.631421321288585,2395,true
galvanizer,0.631417051722652,2396,true
grater,0.631413196237862,2397,true
simoon,0.631408804310944,2398,true
cigarfish,0.631405428815535,2399,false
opus,0.631397887301715,2400,true
fisherwoman,0.63139352985582,2401,true
milvus,0.631392249879922,2402,false
ratel,0.631388940297899,2403,true
penicillium,0.631386709800573,2404,true
louver,0.631382427729234,2405,true
demoiselle,0.631377816200261,2406,true
mill,0.631377317391475,2407,true
manful,0.631373016390313,2408,true
slipperwort,0.631371868240928,2409,true
squama,0.631369151554654,2410,true
swivel,0.631368078670984,2411,true
bile,0.631357883119268,2412,true
birdcall,0.63135202304745,2413,true
tartar,0.631343781948094,2414,true
hordeum,0.631315231323247,2415,false
pangolin,0.631304216954994,2416,true
silique,0.631295659023266,2417,true
bard,0.631290253814184,2418,true
digester,0.631267189979558,2419,true
verdin,0.631258807703338,2420,true
sawbill,0.631240003926756,2421,true
rubel,0.631237124090959,2422,true
orthoptera,0.631235339119158,2423,true
puddle,0.631235226245513,2424,true
jacksmelt,0.631223189076152,2425,true
ondatra,0.631216359690267,2426,true
saltish,0.631213602234149,2427,true
hornbeam,0.631208253456886,2428,true
isoptera,0.631203268647681,2429,false
resemble,0.631201722097501,2430,true
tortilla,0.63118959719918,2431,true
neuron,0.631188361140264,2432,true
muzzle,0.631178692719781,2433,true
lobelia,0.631177268554145,2434,true
hippoglossus,0.631164349982999,2435,false
cecal,0.631162172708184,2436,true
roundworm,0.631159079614688,2437,true
bouillon,0.631156287720435,2438,true
mesodermal,0.631155512860099,2439,true
gallina,0.631153740355596,2440,false
azolla,0.631152272224431,2441,true
vinegar,0.631151989835738,2442,true
gammon,0.631145119667058,2443,true
tobacco,0.631134622895949,2444,true
parquet,0.631132558719225,2445,true
lactate,0.631129986441762,2446,true
snoek,0.631123282380301,2447,true
myxomycete,0.631113262441941,2448,true
beer,0.63109812603863,2449,true
lagoon,0.631086311871639,2450,true
molt,0.631066629608471,2451,true
pipette,0.63106611226417,2452,true
braid,0.631065569456494,2453,true
mokulu,0.631064832210545,2454,false
orpine,0.631057773688104,2455,true
borer,0.631054950278543,2456,true
vacillate,0.631046056747441,2457,true
noctiluca,0.631041332359173,2458,true
velvet,0.631032504500897,2459,true
thread,0.631021618843083,2460,true
grassy,0.631018833043436,2461,true
cul,0.631001842528969,2462,false
oxidase,0.630999342322271,2463,true
guitarfish,0.630996591270607,2464,true
arachnid,0.630974044763048,2465,true
pine,0.630964539589621,2466,true
nutlet,0.630961857380766,2467,true
scour,0.630959902846799,2468,true
echinoidea,0.630952813086082,2469,false
plum,0.630942739900515,2470,true
roundel,0.630925200526414,2471,true
trumpet,0.630905785018552,2472,true
calcium,0.630899749344612,2473,true
estuarial,0.63089548901835,2474,true
eyelid,0.630894980973315,2475,true
basinful,0.630878755712148,2476,true
cockade,0.630872532025292,2477,true
branchiopoda,0.630869582995127,2478,false
rocklike,0.630869150161748,2479,true
ragpicker,0.630866364343925,2480,true
ambergris,0.630843927788603,2481,true
vibrissa,0.630843115326819,2482,true
fungoid,0.630840100696094,2483,true
dogwood,0.630836483612939,2484,true
yazoo,0.630835570742821,2485,false
emmental,0.630832151273745,2486,false
colander,0.630829826692322,2487,true
mosul,0.630799061513143,2488,false
homaridae,0.630795999670523,2489,false
leatherback,0.630791924548641,2490,true
lamb,0.630773776311955,2491,true
waxmallow,0.630764816815379,2492,false
climber,0.630763267094384,2493,true
dive,0.630762570636733,2494,true
lacewing,0.63076021487951,2495,true
brooklet,0.630748227923897,2496,true
iodide,0.630738691179596,2497,true
sluice,0.630731359807415,2498,true
lutra,0.630728520794424,2499,false
cartilaginous,0.630727284680717,2500,true
